id_registro,data_coleta,turno,maquina,fornecedor_lote,familia_produto,nivel_manutencao,temperatura_forno_c,desvio_temperatura_c,pressao_linha_bar,velocidade_esteira_m_min,vibracao_motor_mm_s,umidade_ambiente_pct,consumo_energia_kwh,tempo_ciclo_s,dias_desde_manutencao,indice_desgaste,qtd_produzida,taxa_defeitos_pct,processo_critico,classe_qualidade
1,2026-01-01 00:00:00,Noite,M1,Forn_E,Pote,Alta atenção,172.405,7.595,6.279,28.351,3.206,65.751,124.737,42.549,81,5.93,1212.309,9.615,1,Crítica
2,2026-01-01 01:00:00,Tarde,M1,Forn_E,Pote,Atenção moderada,181.991,1.991,5.296,30.617,3.385,42.701,118.764,36.995,27,3.847,1173.893,7.96,1,Crítica
3,2026-01-01 02:00:00,Noite,M4,Forn_A,Pote,Alta atenção,179.333,0.667,5.9,32.312,6.609,59.817,131.727,41.64,89,7.546,1192.26,11.832,1,Crítica
4,2026-01-01 03:00:00,Tarde,M4,Forn_E,Pote,Atenção moderada,192.384,12.384,6.442,38.371,3.695,65.383,128.266,42.885,33,4.243,1328.195,10.574,1,Crítica
5,2026-01-01 04:00:00,Manhã,M1,Forn_B,Pote,Atenção moderada,178.994,1.006,6.236,30.647,2.109,55.665,117.317,40.336,64,4.336,1260.54,5.371,0,Boa
6,2026-01-01 05:00:00,Noite,M2,Forn_B,Pote,Atenção moderada,168.007,11.993,6.366,29.869,3.009,59.677,113.136,43.351,35,4.68,1254.696,6.658,0,Boa
7,2026-01-01 06:00:00,Noite,M3,Forn_B,Frasco,Atenção moderada,183.166,3.166,6.071,30.237,2.766,69.968,123.424,42.085,60,5.062,1274.929,6.582,0,Boa
8,2026-01-01 07:00:00,Noite,M4,Forn_D,Frasco,Atenção moderada,192.695,12.695,6.626,37.308,4.116,71.562,123.93,45.095,30,4.4,1347.372,10.782,1,Crítica
9,2026-01-01 08:00:00,Manhã,M2,Forn_D,Frasco,Alta atenção,188.968,8.968,6.516,23.0,3.624,54.473,117.279,44.652,75,5.54,1064.69,8.576,1,Crítica
10,2026-01-01 09:00:00,Tarde,M2,Forn_C,Ampola,Atenção moderada,190.37,10.37,6.301,28.791,4.06,50.475,127.042,42.669,57,4.827,1219.323,8.707,1,Crítica
11,2026-01-01 10:00:00,Manhã,M3,Forn_A,Ampola,Atenção moderada,175.591,4.409,6.517,40.74,3.642,47.18,116.065,36.531,25,3.875,1380.898,5.431,0,Boa
12,2026-01-01 11:00:00,Noite,M3,Forn_E,Pote,Alta atenção,186.217,6.217,6.438,33.891,4.001,63.304,137.444,49.163,86,6.12,1156.629,7.202,0,Atenção
13,2026-01-01 12:00:00,Tarde,M3,Forn_B,Frasco,Alta atenção,177.229,2.771,5.902,28.461,3.207,43.34,122.891,41.432,63,5.237,1204.066,8.25,1,Crítica
14,2026-01-01 13:00:00,Noite,M2,Forn_A,Frasco,Atenção moderada,181.534,1.534,5.495,31.866,2.789,52.853,122.847,41.676,38,4.211,1199.109,7.518,0,Atenção
15,2026-01-01 14:00:00,Tarde,M1,Forn_C,Frasco,Baixa atenção,171.999,8.001,6.289,32.216,5.225,55.873,113.702,40.63,12,3.744,1253.482,11.636,1,Crítica
16,2026-01-01 15:00:00,Manhã,M4,Forn_C,Frasco,Alta atenção,178.455,1.545,6.346,34.708,3.549,50.724,130.358,40.046,87,6.201,1309.865,6.992,0,Atenção
17,2026-01-01 16:00:00,Tarde,M4,Forn_D,Ampola,Alta atenção,178.281,1.719,6.591,37.886,3.975,57.378,129.847,48.176,67,5.356,1328.151,6.002,0,Boa
18,2026-01-01 17:00:00,Manhã,M3,Forn_E,Frasco,Atenção moderada,186.142,6.142,5.679,33.243,2.71,76.798,123.352,47.544,60,4.046,1279.088,7.814,0,Atenção
19,2026-01-01 18:00:00,Noite,M1,Forn_A,Frasco,Alta atenção,183.404,3.404,5.692,30.273,2.227,53.966,126.087,43.778,74,5.246,1241.575,7.581,0,Atenção
20,2026-01-01 19:00:00,Tarde,M1,Forn_B,Pote,Alta atenção,180.523,0.523,6.307,34.519,3.213,51.299,118.473,41.57,54,5.246,1301.476,4.451,0,Boa
21,2026-01-01 20:00:00,Noite,M3,Forn_C,Frasco,Atenção moderada,173.773,6.227,6.068,29.766,3.976,63.63,113.831,44.476,20,4.106,1171.269,8.559,1,Crítica
22,2026-01-01 21:00:00,Manhã,M1,Forn_D,Pote,Atenção moderada,177.286,2.714,5.251,28.693,2.159,57.036,114.146,42.295,21,3.337,1188.706,6.724,0,Boa
23,2026-01-01 22:00:00,Noite,M4,Forn_D,Frasco,Atenção moderada,177.896,2.104,6.269,26.368,4.236,67.234,120.651,41.239,7,4.085,1120.985,7.994,1,Crítica
24,2026-01-01 23:00:00,Noite,M2,Forn_B,Frasco,Atenção moderada,185.083,5.083,5.266,26.992,2.754,56.4,120.498,43.352,5,3.493,1138.571,8.462,1,Crítica
25,2026-01-02 00:00:00,Noite,M3,Forn_D,Pote,Alta atenção,187.68,7.68,5.675,29.131,3.411,52.888,129.123,40.235,65,5.354,1320.888,10.546,1,Crítica
26,2026-01-02 01:00:00,Manhã,M4,Forn_E,Ampola,Alta atenção,187.81,7.81,6.708,28.231,4.721,39.838,121.018,43.009,76,5.479,1179.808,8.1,1,Crítica
27,2026-01-02 02:00:00,Tarde,M2,Forn_C,Pote,Atenção moderada,176.146,3.854,6.921,33.002,3.625,41.232,126.095,42.817,14,4.518,1278.811,7.745,0,Atenção
28,2026-01-02 03:00:00,Manhã,M1,Forn_E,Frasco,Atenção moderada,163.933,16.067,5.553,28.162,4.867,39.397,119.524,44.412,51,5.972,1130.903,14.763,1,Crítica
29,2026-01-02 04:00:00,Manhã,M3,Forn_D,Frasco,Atenção moderada,171.482,8.518,5.952,21.94,4.641,58.224,110.23,39.523,11,3.853,1123.449,8.472,1,Crítica
30,2026-01-02 05:00:00,Tarde,M2,Forn_B,Ampola,Atenção moderada,188.119,8.119,6.119,28.659,2.642,43.421,123.895,44.841,37,3.3,1203.46,7.076,0,Atenção
31,2026-01-02 06:00:00,Noite,M2,Forn_B,Frasco,Atenção moderada,178.093,1.907,6.902,30.49,2.459,65.672,121.445,38.375,71,4.91,1272.291,6.62,0,Boa
32,2026-01-02 07:00:00,Noite,M3,Forn_D,Pote,Atenção moderada,177.071,2.929,5.878,30.063,2.931,55.257,118.892,39.71,73,4.877,1232.393,7.002,0,Atenção
33,2026-01-02 08:00:00,Manhã,M4,Forn_B,Pote,Alta atenção,191.035,11.035,5.885,36.862,3.635,52.924,130.139,39.884,85,5.898,1390.7,8.201,1,Crítica
34,2026-01-02 09:00:00,Manhã,M2,Forn_B,Pote,Atenção moderada,187.258,7.258,6.797,30.037,1.57,47.827,119.461,37.712,27,3.208,1290.471,5.682,0,Boa
35,2026-01-02 10:00:00,Tarde,M1,Forn_B,Pote,Atenção moderada,179.134,0.866,5.931,34.819,2.665,60.289,126.293,46.063,85,4.961,1286.136,5.386,0,Boa
36,2026-01-02 11:00:00,Manhã,M2,Forn_D,Ampola,Atenção moderada,178.686,1.314,6.425,31.939,2.746,48.162,119.587,38.124,70,4.308,1260.068,4.827,0,Boa
37,2026-01-02 12:00:00,Manhã,M2,Forn_B,Pote,Atenção moderada,179.573,0.427,5.435,31.865,3.609,46.624,115.999,39.204,30,4.259,1298.195,6.559,0,Boa
38,2026-01-02 13:00:00,Tarde,M1,Forn_D,Pote,Atenção moderada,180.249,0.249,6.023,29.327,3.029,65.101,122.387,47.022,29,3.496,1128.577,6.563,0,Boa
39,2026-01-02 14:00:00,Manhã,M1,Forn_E,Ampola,Baixa atenção,187.8,7.8,5.353,31.812,2.41,58.014,117.541,39.718,9,2.861,1221.859,7.796,0,Atenção
40,2026-01-02 15:00:00,Tarde,M3,Forn_E,Frasco,Atenção moderada,183.524,3.524,5.625,29.552,3.783,53.003,119.162,41.247,82,5.136,1202.671,6.121,0,Boa
41,2026-01-02 16:00:00,Tarde,M2,Forn_E,Pote,Atenção moderada,184.293,4.293,6.478,32.544,3.57,60.452,120.444,37.952,18,3.59,1198.697,6.4,0,Boa
42,2026-01-02 17:00:00,Noite,M4,Forn_A,Frasco,Atenção moderada,188.431,8.431,6.078,31.244,3.3,55.076,128.405,45.332,24,4.057,1250.309,9.157,1,Crítica
43,2026-01-02 18:00:00,Tarde,M1,Forn_C,Ampola,Atenção moderada,172.567,7.433,5.956,28.977,2.48,58.256,121.406,45.387,37,3.946,1128.63,6.851,0,Atenção
44,2026-01-02 19:00:00,Manhã,M1,Forn_B,Pote,Baixa atenção,183.152,3.152,5.763,35.174,1.354,48.057,119.775,44.956,12,1.95,1264.659,4.866,0,Boa
45,2026-01-02 20:00:00,Noite,M3,Forn_E,Ampola,Atenção moderada,179.58,0.42,6.001,33.366,2.691,72.598,121.914,44.15,72,4.314,1248.163,5.256,0,Boa
46,2026-01-02 21:00:00,Noite,M4,Forn_D,Pote,Atenção moderada,168.161,11.839,6.236,30.566,3.317,50.073,123.996,42.294,62,4.892,1219.341,10.372,1,Crítica
47,2026-01-02 22:00:00,Tarde,M1,Forn_B,Pote,Atenção moderada,167.295,12.705,6.542,32.466,2.848,68.226,107.712,39.902,14,3.439,1249.452,10.086,1,Crítica
48,2026-01-02 23:00:00,Manhã,M1,Forn_C,Ampola,Baixa atenção,173.4,6.6,4.919,31.732,2.186,53.395,121.736,38.74,14,3.004,1255.069,7.858,0,Atenção
49,2026-01-03 00:00:00,Tarde,M1,Forn_D,Pote,Baixa atenção,181.922,1.922,5.726,29.224,2.466,61.86,111.894,47.16,1,2.356,1163.966,5.982,0,Boa
50,2026-01-03 01:00:00,Manhã,M2,Forn_C,Pote,Atenção moderada,180.926,0.926,6.172,32.226,2.304,61.241,119.616,45.059,85,5.151,1212.118,4.9,0,Boa
51,2026-01-03 02:00:00,Manhã,M2,Forn_C,Ampola,Atenção moderada,181.314,1.314,6.056,30.013,3.211,64.748,119.947,39.227,39,4.812,1189.689,8.297,1,Crítica
52,2026-01-03 03:00:00,Manhã,M1,Forn_A,Pote,Atenção moderada,189.73,9.73,6.282,28.976,3.077,47.855,134.039,42.159,58,4.725,1238.362,8.714,1,Crítica
53,2026-01-03 04:00:00,Noite,M1,Forn_C,Frasco,Baixa atenção,172.02,7.98,6.22,26.807,3.062,64.143,122.742,40.8,13,2.539,1063.433,7.131,0,Atenção
54,2026-01-03 05:00:00,Tarde,M2,Forn_B,Pote,Atenção moderada,180.149,0.149,5.963,30.852,3.108,70.695,122.854,37.487,20,3.601,1239.908,7.469,0,Atenção
55,2026-01-03 06:00:00,Tarde,M4,Forn_E,Frasco,Atenção moderada,183.674,3.674,5.863,33.814,2.798,52.801,128.049,42.711,48,5.099,1252.649,5.699,0,Boa
56,2026-01-03 07:00:00,Noite,M3,Forn_E,Frasco,Baixa atenção,177.15,2.85,5.99,29.777,2.997,55.295,109.709,40.338,18,2.809,1232.974,7.346,0,Atenção
57,2026-01-03 08:00:00,Tarde,M2,Forn_D,Frasco,Atenção moderada,180.456,0.456,6.617,40.066,2.835,50.551,126.958,38.19,55,4.423,1345.705,7.325,0,Atenção
58,2026-01-03 09:00:00,Tarde,M1,Forn_A,Frasco,Atenção moderada,170.2,9.8,5.771,34.834,2.538,52.055,119.283,36.083,83,4.984,1306.066,6.487,0,Boa
59,2026-01-03 10:00:00,Manhã,M1,Forn_E,Pote,Atenção moderada,186.754,6.754,6.072,36.174,5.448,69.547,119.513,35.745,27,5.282,1349.927,12.985,1,Crítica
60,2026-01-03 11:00:00,Manhã,M1,Forn_B,Ampola,Atenção moderada,175.251,4.749,6.183,34.545,3.727,46.464,124.813,40.514,54,4.957,1347.131,7.871,0,Atenção
61,2026-01-03 12:00:00,Tarde,M3,Forn_C,Pote,Alta atenção,192.373,12.373,6.802,37.929,3.928,46.992,130.059,41.66,82,6.333,1368.545,12.526,1,Crítica
62,2026-01-03 13:00:00,Tarde,M4,Forn_E,Frasco,Alta atenção,181.821,1.821,5.965,29.482,3.158,68.693,126.756,38.499,80,5.375,1165.668,5.596,0,Boa
63,2026-01-03 14:00:00,Tarde,M4,Forn_E,Ampola,Atenção moderada,187.654,7.654,6.531,23.806,4.241,60.309,112.202,44.603,0,4.107,1061.249,9.614,1,Crítica
64,2026-01-03 15:00:00,Noite,M4,Forn_A,Pote,Atenção moderada,181.707,1.707,6.654,30.572,4.216,73.023,121.91,41.738,9,3.736,1260.617,6.943,0,Atenção
65,2026-01-03 16:00:00,Tarde,M4,Forn_B,Frasco,Alta atenção,181.831,1.831,6.071,33.786,3.276,51.171,123.358,44.308,88,5.484,1210.427,5.012,0,Boa
66,2026-01-03 17:00:00,Tarde,M4,Forn_D,Pote,Alta atenção,178.788,1.212,6.005,32.485,4.352,56.073,123.658,41.268,83,5.782,1254.212,7.395,0,Atenção
67,2026-01-03 18:00:00,Tarde,M1,Forn_C,Ampola,Baixa atenção,179.655,0.345,5.952,32.882,2.696,49.384,120.867,38.852,28,2.705,1277.773,5.051,0,Boa
68,2026-01-03 19:00:00,Manhã,M1,Forn_B,Ampola,Atenção moderada,180.749,0.749,5.985,36.227,1.884,56.218,119.552,42.456,46,3.74,1301.214,3.592,0,Boa
69,2026-01-03 20:00:00,Manhã,M1,Forn_C,Pote,Alta atenção,174.687,5.313,6.484,33.223,3.096,39.92,123.527,36.949,51,5.357,1416.094,7.461,0,Atenção
70,2026-01-03 21:00:00,Tarde,M2,Forn_E,Ampola,Atenção moderada,179.612,0.388,6.204,34.557,3.241,60.822,125.371,44.158,60,4.989,1260.577,6.729,0,Boa
71,2026-01-03 22:00:00,Manhã,M1,Forn_B,Frasco,Atenção moderada,175.644,4.356,6.206,28.993,2.652,57.75,117.581,38.251,67,4.978,1231.738,6.784,0,Boa
72,2026-01-03 23:00:00,Tarde,M3,Forn_D,Pote,Atenção moderada,193.848,13.848,5.594,28.495,3.376,54.511,122.404,45.673,33,3.861,1127.221,9.174,1,Crítica
73,2026-01-04 00:00:00,Noite,M3,Forn_D,Ampola,Atenção moderada,180.706,0.706,5.665,37.165,2.933,51.682,126.183,40.646,80,5.103,1369.168,5.807,0,Boa
74,2026-01-04 01:00:00,Manhã,M2,Forn_E,Pote,Atenção moderada,188.799,8.799,7.065,32.323,3.497,47.395,121.989,46.25,5,3.716,1266.622,7.86,0,Atenção
75,2026-01-04 02:00:00,Manhã,M1,Forn_B,Ampola,Atenção moderada,177.924,2.076,6.02,30.006,2.772,61.186,118.987,37.51,2,3.688,1207.341,5.984,0,Boa
76,2026-01-04 03:00:00,Manhã,M1,Forn_B,Pote,Alta atenção,180.426,0.426,5.751,30.012,2.908,45.046,123.079,39.289,86,6.049,1221.657,7.043,0,Atenção
77,2026-01-04 04:00:00,Manhã,M1,Forn_C,Frasco,Atenção moderada,171.732,8.268,6.744,29.923,3.032,59.351,117.013,43.524,15,3.68,1158.942,8.043,1,Crítica
78,2026-01-04 05:00:00,Tarde,M4,Forn_C,Frasco,Alta atenção,179.541,0.459,6.227,29.731,3.05,72.633,132.875,46.682,89,5.563,1126.915,4.885,0,Boa
79,2026-01-04 06:00:00,Tarde,M2,Forn_C,Pote,Atenção moderada,181.458,1.458,6.36,27.894,2.519,67.627,123.872,48.666,25,3.43,1181.081,5.354,0,Boa
80,2026-01-04 07:00:00,Noite,M3,Forn_D,Pote,Baixa atenção,189.923,9.923,6.038,27.199,1.964,42.206,118.385,42.165,32,2.901,1132.736,7.443,0,Atenção
81,2026-01-04 08:00:00,Tarde,M1,Forn_D,Ampola,Baixa atenção,180.221,0.221,5.957,31.376,3.167,50.438,122.519,49.351,2,2.35,1084.725,6.65,0,Boa
82,2026-01-04 09:00:00,Tarde,M2,Forn_B,Ampola,Atenção moderada,187.91,7.91,6.024,30.103,2.312,58.582,118.981,40.841,84,4.485,1296.661,8.327,1,Crítica
83,2026-01-04 10:00:00,Noite,M2,Forn_D,Ampola,Atenção moderada,183.824,3.824,5.478,35.543,3.186,54.403,124.603,46.395,32,3.935,1248.505,8.712,1,Crítica
84,2026-01-04 11:00:00,Manhã,M3,Forn_B,Pote,Atenção moderada,190.151,10.151,6.06,32.938,3.641,43.105,121.437,38.231,15,3.521,1271.522,8.486,1,Crítica
85,2026-01-04 12:00:00,Manhã,M3,Forn_C,Pote,Atenção moderada,180.875,0.875,6.233,32.849,3.792,58.275,117.98,43.681,43,3.914,1324.879,7.425,0,Atenção
86,2026-01-04 13:00:00,Manhã,M1,Forn_A,Frasco,Baixa atenção,192.146,12.146,6.933,29.622,2.017,54.915,119.826,32.633,13,2.683,1247.335,5.78,0,Boa
87,2026-01-04 14:00:00,Noite,M4,Forn_B,Ampola,Alta atenção,179.33,0.67,6.139,31.613,5.611,71.272,120.615,37.514,71,6.517,1255.354,11.095,1,Crítica
88,2026-01-04 15:00:00,Tarde,M1,Forn_E,Frasco,Baixa atenção,174.784,5.216,5.05,33.155,3.886,52.848,119.332,43.867,6,2.989,1200.259,6.233,0,Boa
89,2026-01-04 16:00:00,Manhã,M4,Forn_C,Ampola,Atenção moderada,175.345,4.655,6.058,34.292,4.914,64.928,120.305,36.75,44,5.056,1241.559,8.314,1,Crítica
90,2026-01-04 17:00:00,Tarde,M1,Forn_D,Frasco,Atenção moderada,191.821,11.821,7.333,31.7,3.442,44.23,138.659,43.708,35,3.999,1222.712,12.05,1,Crítica
91,2026-01-04 18:00:00,Manhã,M1,Forn_A,Pote,Baixa atenção,183.507,3.507,6.49,35.453,3.019,46.262,120.936,45.626,3,2.673,1303.542,6.18,0,Boa
92,2026-01-04 19:00:00,Tarde,M3,Forn_D,Pote,Atenção moderada,179.362,0.638,5.735,32.026,2.747,61.134,111.061,39.995,4,3.248,1270.238,5.054,0,Boa
93,2026-01-04 20:00:00,Tarde,M1,Forn_B,Frasco,Atenção moderada,185.87,5.87,6.366,34.537,3.267,64.212,115.614,38.124,46,3.521,1290.328,7.667,0,Atenção
94,2026-01-04 21:00:00,Tarde,M2,Forn_D,Frasco,Baixa atenção,184.082,4.082,5.766,30.432,2.997,46.862,123.503,40.103,35,3.005,1228.128,6.004,0,Boa
95,2026-01-04 22:00:00,Manhã,M2,Forn_E,Pote,Atenção moderada,191.114,11.114,5.491,26.2,3.464,55.205,125.395,38.137,11,3.437,1079.168,7.643,0,Atenção
96,2026-01-04 23:00:00,Tarde,M1,Forn_C,Pote,Baixa atenção,170.487,9.513,5.943,32.859,2.389,43.257,115.925,41.595,12,2.917,1283.392,9.552,1,Crítica
97,2026-01-05 00:00:00,Manhã,M3,Forn_A,Ampola,Alta atenção,179.741,0.259,6.141,34.321,3.288,53.46,132.023,42.408,72,5.35,1291.796,6.62,0,Boa
98,2026-01-05 01:00:00,Manhã,M4,Forn_C,Pote,Atenção moderada,179.456,0.544,5.258,33.841,3.907,62.114,128.198,40.776,65,5.056,1373.687,7.451,0,Atenção
99,2026-01-05 02:00:00,Manhã,M4,Forn_A,Pote,Atenção moderada,171.145,8.855,5.583,33.351,3.96,51.303,124.016,48.697,54,4.585,1232.819,7.965,1,Crítica
100,2026-01-05 03:00:00,Noite,M2,Forn_C,Frasco,Alta atenção,186.132,6.132,6.105,30.885,3.421,52.883,123.398,39.122,75,5.328,1198.328,7.324,0,Atenção
101,2026-01-05 04:00:00,Noite,M2,Forn_A,Pote,Baixa atenção,178.813,1.187,5.916,29.418,2.724,45.397,121.345,47.566,6,2.679,1165.637,6.673,0,Boa
102,2026-01-05 05:00:00,Tarde,M1,Forn_D,Ampola,Atenção moderada,183.068,3.068,6.278,33.766,1.927,49.489,127.98,37.835,61,4.788,1284.936,5.983,0,Boa
103,2026-01-05 06:00:00,Manhã,M1,Forn_B,Pote,Atenção moderada,191.979,11.979,5.553,33.365,3.856,69.944,129.668,42.291,67,5.185,1287.524,6.587,0,Boa
104,2026-01-05 07:00:00,Noite,M1,Forn_B,Pote,Atenção moderada,177.057,2.943,6.421,30.205,4.418,55.62,119.892,46.732,18,4.146,1187.874,9.973,1,Crítica
105,2026-01-05 08:00:00,Noite,M4,Forn_A,Ampola,Alta atenção,179.684,0.316,5.567,35.55,4.091,46.48,128.73,46.525,48,6.004,1227.315,6.374,0,Boa
106,2026-01-05 09:00:00,Tarde,M4,Forn_E,Pote,Atenção moderada,182.653,2.653,6.839,29.175,2.939,52.324,131.367,40.319,69,4.799,1129.784,6.55,0,Boa
107,2026-01-05 10:00:00,Tarde,M3,Forn_E,Ampola,Atenção moderada,186.63,6.63,5.328,30.133,2.897,41.422,125.997,44.22,54,4.664,1211.008,7.965,1,Crítica
108,2026-01-05 11:00:00,Manhã,M2,Forn_E,Pote,Atenção moderada,177.183,2.817,5.608,37.237,3.431,46.38,129.269,43.685,22,4.038,1392.232,6.94,0,Atenção
109,2026-01-05 12:00:00,Manhã,M2,Forn_A,Frasco,Alta atenção,176.83,3.17,6.288,34.779,3.972,66.563,127.695,39.84,59,5.484,1310.48,7.912,1,Crítica
110,2026-01-05 13:00:00,Noite,M2,Forn_B,Ampola,Atenção moderada,186.115,6.115,6.849,30.854,2.312,53.789,126.415,44.464,68,4.642,1247.426,6.009,0,Boa
111,2026-01-05 14:00:00,Tarde,M2,Forn_E,Frasco,Baixa atenção,182.383,2.383,6.242,32.92,3.019,71.071,124.697,49.45,0,2.948,1266.155,4.779,0,Boa
112,2026-01-05 15:00:00,Manhã,M2,Forn_C,Pote,Atenção moderada,169.054,10.946,6.353,32.495,3.227,54.19,126.297,43.887,51,4.55,1255.544,9.058,1,Crítica
113,2026-01-05 16:00:00,Manhã,M1,Forn_A,Pote,Atenção moderada,172.26,7.74,6.108,23.214,3.362,54.694,120.702,44.265,45,4.14,1037.741,9.056,1,Crítica
114,2026-01-05 17:00:00,Tarde,M1,Forn_A,Pote,Atenção moderada,187.257,7.257,5.638,29.099,2.577,60.448,124.168,44.689,33,3.754,1186.789,6.314,0,Boa
115,2026-01-05 18:00:00,Manhã,M4,Forn_B,Ampola,Atenção moderada,184.211,4.211,5.879,31.837,2.784,32.283,117.651,36.156,3,3.734,1328.531,5.028,0,Boa
116,2026-01-05 19:00:00,Noite,M2,Forn_E,Pote,Atenção moderada,176.108,3.892,5.555,30.859,3.504,56.742,123.335,43.841,7,3.882,1238.179,8.234,1,Crítica
117,2026-01-05 20:00:00,Noite,M4,Forn_A,Pote,Alta atenção,181.063,1.063,5.525,32.791,4.531,54.584,124.749,37.933,67,5.839,1315.273,6.639,0,Boa
118,2026-01-05 21:00:00,Tarde,M1,Forn_E,Pote,Alta atenção,179.073,0.927,6.281,35.614,2.746,67.631,124.389,39.64,74,5.316,1302.221,5.546,0,Boa
119,2026-01-05 22:00:00,Tarde,M2,Forn_D,Pote,Atenção moderada,184.347,4.347,5.595,30.971,3.363,63.2,137.539,50.648,37,3.769,1169.811,7.108,0,Atenção
120,2026-01-05 23:00:00,Tarde,M1,Forn_E,Pote,Atenção moderada,171.53,8.47,6.244,28.616,2.492,45.364,113.557,40.987,84,4.973,1184.308,7.156,0,Atenção
121,2026-01-06 00:00:00,Tarde,M1,Forn_E,Pote,Alta atenção,174.375,5.625,5.514,33.04,2.25,65.558,127.67,39.039,83,5.354,1277.685,5.238,0,Boa
122,2026-01-06 01:00:00,Tarde,M1,Forn_B,Pote,Alta atenção,180.501,0.501,6.233,30.955,3.467,52.77,122.611,46.61,59,5.546,1253.388,5.743,0,Boa
123,2026-01-06 02:00:00,Manhã,M1,Forn_E,Ampola,Atenção moderada,178.451,1.549,5.88,31.501,3.052,47.312,121.399,38.209,52,4.092,1151.237,5.739,0,Boa
124,2026-01-06 03:00:00,Tarde,M4,Forn_A,Pote,Alta atenção,185.145,5.145,6.733,31.066,4.119,56.675,137.306,40.21,86,5.828,1239.411,7.989,1,Crítica
125,2026-01-06 04:00:00,Manhã,M2,Forn_B,Pote,Alta atenção,173.538,6.462,6.246,39.174,4.076,53.276,126.074,46.996,54,6.044,1343.073,9.542,1,Crítica
126,2026-01-06 05:00:00,Tarde,M3,Forn_B,Ampola,Alta atenção,183.164,3.164,6.656,24.83,2.714,68.077,118.508,42.171,84,5.256,1053.277,8.293,1,Crítica
127,2026-01-06 06:00:00,Manhã,M2,Forn_A,Frasco,Alta atenção,186.304,6.304,5.76,30.757,2.741,57.895,124.792,35.754,88,6.168,1287.217,8.613,1,Crítica
128,2026-01-06 07:00:00,Manhã,M2,Forn_A,Pote,Atenção moderada,182.978,2.978,6.125,31.988,3.203,56.748,119.295,44.176,17,3.565,1200.217,7.152,0,Atenção
129,2026-01-06 08:00:00,Manhã,M2,Forn_A,Ampola,Atenção moderada,181.065,1.065,5.659,29.5,2.733,62.656,125.928,40.414,59,4.584,1192.662,5.269,0,Boa
130,2026-01-06 09:00:00,Tarde,M1,Forn_A,Frasco,Atenção moderada,178.473,1.527,5.914,34.879,3.309,64.289,124.981,48.159,65,4.833,1346.148,5.441,0,Boa
131,2026-01-06 10:00:00,Manhã,M4,Forn_B,Ampola,Alta atenção,177.408,2.592,5.982,34.602,3.678,61.661,128.776,39.575,73,5.837,1350.629,6.909,0,Atenção
132,2026-01-06 11:00:00,Noite,M3,Forn_A,Frasco,Atenção moderada,180.804,0.804,5.773,31.847,2.755,67.065,118.573,46.205,31,4.256,1244.974,6.129,0,Boa
133,2026-01-06 12:00:00,Tarde,M3,Forn_A,Frasco,Atenção moderada,188.128,8.128,5.553,31.134,3.443,60.174,119.758,49.103,77,4.938,1207.479,8.762,1,Crítica
134,2026-01-06 13:00:00,Manhã,M2,Forn_E,Pote,Atenção moderada,179.645,0.355,5.464,31.642,3.211,56.425,120.236,38.596,43,4.097,1249.861,6.57,0,Boa
135,2026-01-06 14:00:00,Tarde,M1,Forn_A,Ampola,Atenção moderada,174.106,5.894,5.047,31.665,3.408,65.533,114.769,41.227,34,4.506,1333.187,7.232,0,Atenção
136,2026-01-06 15:00:00,Manhã,M4,Forn_A,Ampola,Atenção moderada,179.293,0.707,5.625,31.749,4.056,54.227,129.27,43.555,14,3.792,1268.034,6.847,0,Atenção
137,2026-01-06 16:00:00,Noite,M2,Forn_A,Frasco,Atenção moderada,181.405,1.405,6.382,31.398,3.4,55.283,113.862,38.571,28,3.688,1219.303,7.108,0,Atenção
138,2026-01-06 17:00:00,Tarde,M1,Forn_A,Ampola,Alta atenção,176.946,3.054,5.381,32.808,3.008,69.633,121.512,43.081,87,5.919,1190.59,7.475,0,Atenção
139,2026-01-06 18:00:00,Noite,M2,Forn_C,Pote,Alta atenção,182.969,2.969,5.484,34.41,2.978,68.786,128.191,41.1,64,5.254,1318.841,7.069,0,Atenção
140,2026-01-06 19:00:00,Manhã,M3,Forn_E,Ampola,Atenção moderada,184.076,4.076,6.906,28.063,2.934,54.931,119.337,41.02,65,4.562,1177.014,5.375,0,Boa
141,2026-01-06 20:00:00,Tarde,M3,Forn_D,Pote,Alta atenção,186.089,6.089,5.814,28.638,3.588,51.145,118.249,42.196,80,5.669,1119.103,7.211,0,Atenção
142,2026-01-06 21:00:00,Tarde,M3,Forn_C,Frasco,Baixa atenção,189.03,9.03,6.244,26.405,4.629,67.437,129.145,42.285,24,4.666,1162.004,10.551,1,Crítica
143,2026-01-06 22:00:00,Noite,M3,Forn_A,Ampola,Atenção moderada,186.677,6.677,6.389,34.772,4.498,61.804,122.913,42.656,59,5.041,1279.193,8.347,1,Crítica
144,2026-01-06 23:00:00,Tarde,M1,Forn_D,Ampola,Atenção moderada,173.862,6.138,6.398,32.801,3.672,57.682,120.486,39.605,33,4.266,1296.473,8.295,1,Crítica
145,2026-01-07 00:00:00,Tarde,M4,Forn_A,Frasco,Alta atenção,177.031,2.969,5.415,33.617,4.211,52.264,124.327,39.779,76,5.81,1306.195,5.72,0,Boa
146,2026-01-07 01:00:00,Manhã,M2,Forn_D,Ampola,Atenção moderada,179.883,0.117,5.996,27.426,3.346,57.819,122.71,41.526,38,3.745,1137.898,5.399,0,Boa
147,2026-01-07 02:00:00,Manhã,M3,Forn_C,Ampola,Atenção moderada,178.719,1.281,5.372,37.712,3.343,54.815,129.065,41.821,76,4.996,1377.276,6.643,0,Boa
148,2026-01-07 03:00:00,Tarde,M1,Forn_E,Frasco,Atenção moderada,172.739,7.261,7.201,30.052,1.98,49.353,115.415,40.245,67,3.82,1197.179,5.346,0,Boa
149,2026-01-07 04:00:00,Tarde,M4,Forn_B,Frasco,Alta atenção,179.571,0.429,5.382,32.538,3.659,56.097,124.399,43.296,69,5.487,1228.082,6.956,0,Atenção
150,2026-01-07 05:00:00,Manhã,M1,Forn_D,Frasco,Atenção moderada,176.39,3.61,5.628,34.734,2.866,57.256,120.363,34.741,83,4.381,1310.185,6.464,0,Boa
151,2026-01-07 06:00:00,Noite,M1,Forn_C,Pote,Atenção moderada,175.305,4.695,5.632,28.842,2.949,51.809,123.201,39.078,71,4.497,1255.114,6.278,0,Boa
152,2026-01-07 07:00:00,Noite,M2,Forn_C,Ampola,Baixa atenção,178.563,1.437,5.427,30.252,3.405,62.683,114.028,40.88,28,3.075,1207.064,6.343,0,Boa
153,2026-01-07 08:00:00,Manhã,M1,Forn_E,Pote,Atenção moderada,185.481,5.481,6.709,32.573,3.399,65.955,132.966,38.576,46,4.638,1335.915,7.859,0,Atenção
154,2026-01-07 09:00:00,Tarde,M1,Forn_D,Frasco,Baixa atenção,180.096,0.096,7.19,41.144,2.35,63.244,124.273,48.517,42,2.941,1454.005,4.434,0,Boa
155,2026-01-07 10:00:00,Manhã,M3,Forn_C,Ampola,Baixa atenção,194.795,14.795,5.886,32.964,2.956,52.652,124.169,42.075,5,2.99,1228.687,8.703,1,Crítica
156,2026-01-07 11:00:00,Tarde,M2,Forn_C,Ampola,Alta atenção,181.238,1.238,5.506,37.14,4.043,61.424,123.641,42.707,53,5.751,1202.193,7.567,0,Atenção
157,2026-01-07 12:00:00,Manhã,M4,Forn_D,Pote,Alta atenção,180.405,0.405,5.093,35.858,4.301,55.663,120.789,40.067,39,5.489,1372.081,6.694,0,Boa
158,2026-01-07 13:00:00,Tarde,M1,Forn_B,Pote,Baixa atenção,179.023,0.977,5.99,33.178,4.682,44.496,116.908,41.937,35,4.732,1251.156,6.94,0,Atenção
159,2026-01-07 14:00:00,Noite,M3,Forn_A,Ampola,Atenção moderada,182.611,2.611,5.958,28.835,3.33,60.718,114.332,37.139,9,3.436,1175.78,4.33,0,Boa
160,2026-01-07 15:00:00,Noite,M2,Forn_C,Pote,Atenção moderada,182.694,2.694,5.807,35.391,3.033,56.242,122.332,41.321,45,3.773,1283.285,6.065,0,Boa
161,2026-01-07 16:00:00,Manhã,M3,Forn_A,Pote,Atenção moderada,192.622,12.622,6.2,27.206,3.421,77.045,117.042,38.252,52,4.104,1160.656,7.827,0,Atenção
162,2026-01-07 17:00:00,Noite,M2,Forn_A,Frasco,Atenção moderada,175.651,4.349,6.278,37.123,3.407,67.387,125.803,40.89,9,3.293,1401.687,6.315,0,Boa
163,2026-01-07 18:00:00,Manhã,M2,Forn_C,Frasco,Alta atenção,185.025,5.025,6.245,32.64,4.748,61.045,120.504,31.76,57,6.074,1320.034,10.343,1,Crítica
164,2026-01-07 19:00:00,Manhã,M4,Forn_D,Pote,Atenção moderada,183.143,3.143,5.958,23.519,3.923,57.118,113.297,37.488,15,4.078,1174.925,5.993,0,Boa
165,2026-01-07 20:00:00,Tarde,M2,Forn_D,Pote,Atenção moderada,171.659,8.341,5.604,30.91,3.531,56.392,119.164,47.856,13,3.21,1215.42,8.107,1,Crítica
166,2026-01-07 21:00:00,Manhã,M1,Forn_B,Frasco,Atenção moderada,183.239,3.239,6.4,34.093,1.704,46.469,129.068,45.322,36,3.534,1250.483,7.377,0,Atenção
167,2026-01-07 22:00:00,Noite,M3,Forn_C,Ampola,Baixa atenção,188.172,8.172,6.106,31.242,3.085,40.219,124.68,47.276,35,2.937,1184.762,7.586,0,Atenção
168,2026-01-07 23:00:00,Noite,M3,Forn_A,Ampola,Alta atenção,176.486,3.514,6.5,34.288,4.199,47.583,127.456,47.551,82,5.63,1280.927,6.523,0,Boa
169,2026-01-08 00:00:00,Manhã,M1,Forn_D,Pote,Baixa atenção,178.951,1.049,6.456,29.28,4.961,54.594,113.057,44.692,6,4.725,1218.152,9.518,1,Crítica
170,2026-01-08 01:00:00,Noite,M2,Forn_B,Pote,Baixa atenção,170.811,9.189,5.46,27.821,1.0,37.103,110.44,40.189,31,2.715,1224.594,6.566,0,Boa
171,2026-01-08 02:00:00,Manhã,M4,Forn_D,Pote,Alta atenção,175.077,4.923,5.455,31.771,4.238,50.373,116.787,37.851,66,5.42,1251.935,10.134,1,Crítica
172,2026-01-08 03:00:00,Tarde,M3,Forn_E,Ampola,Atenção moderada,186.964,6.964,5.76,32.101,4.647,52.895,132.105,46.587,22,4.352,1229.474,7.624,0,Atenção
173,2026-01-08 04:00:00,Manhã,M4,Forn_D,Pote,Atenção moderada,179.435,0.565,5.625,30.885,2.503,53.169,126.373,42.258,88,5.138,1249.794,5.168,0,Boa
174,2026-01-08 05:00:00,Noite,M2,Forn_B,Pote,Alta atenção,174.202,5.798,6.44,35.927,4.088,49.375,125.626,51.976,66,5.438,1243.545,6.554,0,Boa
175,2026-01-08 06:00:00,Manhã,M3,Forn_E,Ampola,Atenção moderada,182.462,2.462,6.258,29.279,1.598,52.097,120.137,40.54,85,4.872,1152.988,4.992,0,Boa
176,2026-01-08 07:00:00,Manhã,M1,Forn_D,Frasco,Alta atenção,176.127,3.873,6.595,33.002,3.41,69.653,124.381,49.892,85,5.693,1183.352,6.112,0,Boa
177,2026-01-08 08:00:00,Tarde,M4,Forn_D,Frasco,Atenção moderada,179.41,0.59,6.278,32.218,3.794,60.628,117.301,41.373,9,3.429,1241.518,6.032,0,Boa
178,2026-01-08 09:00:00,Noite,M2,Forn_E,Ampola,Atenção moderada,184.366,4.366,6.194,27.019,1.573,50.237,123.821,47.344,41,3.476,1155.739,4.13,0,Boa
179,2026-01-08 10:00:00,Noite,M3,Forn_E,Ampola,Alta atenção,174.81,5.19,6.64,27.779,3.69,54.419,123.289,48.787,67,5.611,1188.351,8.359,1,Crítica
180,2026-01-08 11:00:00,Noite,M2,Forn_A,Ampola,Baixa atenção,175.32,4.68,6.311,32.038,3.848,54.759,127.876,37.908,0,3.066,1207.169,6.133,0,Boa
181,2026-01-08 12:00:00,Noite,M2,Forn_E,Pote,Atenção moderada,181.147,1.147,6.131,38.34,3.337,48.472,131.389,40.06,40,4.208,1342.907,6.352,0,Boa
182,2026-01-08 13:00:00,Noite,M3,Forn_D,Ampola,Alta atenção,186.532,6.532,6.766,33.854,3.78,48.462,132.194,37.868,61,5.632,1284.988,6.294,0,Boa
183,2026-01-08 14:00:00,Tarde,M2,Forn_B,Ampola,Atenção moderada,187.11,7.11,6.152,26.478,2.832,63.589,123.095,37.08,71,4.392,1208.424,7.352,0,Atenção
184,2026-01-08 15:00:00,Manhã,M4,Forn_B,Ampola,Atenção moderada,178.342,1.658,5.963,22.046,2.59,51.432,117.049,44.668,37,4.547,1027.395,4.219,0,Boa
185,2026-01-08 16:00:00,Noite,M2,Forn_D,Frasco,Atenção moderada,185.456,5.456,5.723,34.346,3.55,45.695,128.813,41.213,77,4.86,1272.212,7.131,0,Atenção
186,2026-01-08 17:00:00,Tarde,M3,Forn_B,Frasco,Alta atenção,176.887,3.113,6.416,31.692,4.537,54.633,122.673,42.209,60,5.34,1174.766,9.905,1,Crítica
187,2026-01-08 18:00:00,Manhã,M2,Forn_C,Pote,Baixa atenção,190.344,10.344,6.657,35.652,3.834,56.003,132.825,44.225,4,3.001,1320.253,9.814,1,Crítica
188,2026-01-08 19:00:00,Manhã,M2,Forn_D,Pote,Atenção moderada,174.064,5.936,6.077,29.182,1.808,38.232,118.924,34.57,24,3.899,1227.87,6.113,0,Boa
189,2026-01-08 20:00:00,Noite,M2,Forn_D,Pote,Atenção moderada,187.607,7.607,6.689,33.121,2.115,54.654,128.809,47.147,84,4.657,1207.431,10.662,1,Crítica
190,2026-01-08 21:00:00,Manhã,M1,Forn_E,Pote,Baixa atenção,175.389,4.611,5.213,34.708,2.25,62.378,119.891,40.604,0,2.212,1289.742,5.215,0,Boa
191,2026-01-08 22:00:00,Noite,M1,Forn_A,Pote,Baixa atenção,190.073,10.073,6.075,30.568,1.765,58.835,129.279,44.13,9,2.274,1258.228,7.985,1,Crítica
192,2026-01-08 23:00:00,Manhã,M3,Forn_B,Pote,Atenção moderada,184.452,4.452,6.082,30.637,3.429,73.953,117.244,44.483,31,4.059,1161.582,5.803,0,Boa
193,2026-01-09 00:00:00,Manhã,M3,Forn_E,Frasco,Alta atenção,175.612,4.388,5.773,32.081,3.656,65.634,135.015,47.483,89,5.733,1178.423,7.164,0,Atenção
194,2026-01-09 01:00:00,Noite,M3,Forn_C,Ampola,Atenção moderada,178.328,1.672,7.173,33.737,2.47,67.316,122.824,41.581,63,4.389,1334.916,4.395,0,Boa
195,2026-01-09 02:00:00,Manhã,M1,Forn_B,Frasco,Baixa atenção,183.296,3.296,6.07,31.954,3.305,78.801,109.95,33.505,13,1.82,1294.304,6.884,0,Atenção
196,2026-01-09 03:00:00,Manhã,M2,Forn_B,Pote,Atenção moderada,186.09,6.09,5.917,35.117,3.491,61.444,122.426,42.229,35,4.196,1329.984,7.722,0,Atenção
197,2026-01-09 04:00:00,Tarde,M1,Forn_B,Pote,Atenção moderada,178.611,1.389,6.112,30.522,2.444,56.386,116.276,42.803,84,5.072,1232.056,5.46,0,Boa
198,2026-01-09 05:00:00,Noite,M3,Forn_C,Pote,Atenção moderada,181.446,1.446,5.199,27.749,3.288,63.277,122.194,37.863,19,4.046,1189.648,7.893,0,Atenção
199,2026-01-09 06:00:00,Manhã,M4,Forn_B,Pote,Atenção moderada,186.171,6.171,5.758,38.326,2.533,50.246,123.88,42.59,51,4.712,1339.956,6.326,0,Boa
200,2026-01-09 07:00:00,Manhã,M1,Forn_D,Pote,Atenção moderada,179.725,0.275,6.542,30.065,2.584,55.915,121.313,40.556,41,3.767,1255.536,6.032,0,Boa
201,2026-01-09 08:00:00,Noite,M3,Forn_C,Frasco,Alta atenção,174.086,5.914,5.817,30.181,3.405,49.494,126.299,36.629,68,5.48,1294.103,8.437,1,Crítica
202,2026-01-09 09:00:00,Noite,M1,Forn_D,Pote,Atenção moderada,174.529,5.471,5.727,31.789,2.91,58.383,119.819,44.686,67,4.315,1275.226,5.854,0,Boa
203,2026-01-09 10:00:00,Tarde,M1,Forn_A,Pote,Alta atenção,180.293,0.293,6.689,32.215,3.046,49.459,123.308,39.745,74,5.441,1207.925,4.792,0,Boa
204,2026-01-09 11:00:00,Manhã,M1,Forn_D,Ampola,Baixa atenção,185.685,5.685,6.703,30.763,2.959,49.161,114.565,40.374,10,2.87,1290.388,6.802,0,Boa
205,2026-01-09 12:00:00,Manhã,M1,Forn_E,Ampola,Atenção moderada,187.888,7.888,6.333,31.944,2.628,58.515,120.456,40.15,40,3.312,1238.065,7.509,0,Atenção
206,2026-01-09 13:00:00,Manhã,M3,Forn_A,Ampola,Atenção moderada,185.487,5.487,5.895,31.873,3.586,53.829,138.592,46.942,62,4.949,1181.553,8.458,1,Crítica
207,2026-01-09 14:00:00,Manhã,M4,Forn_B,Pote,Alta atenção,183.58,3.58,5.992,32.559,4.451,38.616,129.49,41.836,37,5.388,1248.35,7.281,0,Atenção
208,2026-01-09 15:00:00,Tarde,M1,Forn_D,Frasco,Atenção moderada,183.118,3.118,5.738,24.456,2.738,42.628,119.217,42.316,60,4.587,1144.869,5.973,0,Boa
209,2026-01-09 16:00:00,Manhã,M2,Forn_D,Pote,Alta atenção,176.633,3.367,5.652,38.019,3.306,45.248,124.15,40.237,57,5.402,1387.353,6.217,0,Boa
210,2026-01-09 17:00:00,Tarde,M3,Forn_D,Ampola,Atenção moderada,180.357,0.357,5.63,31.529,3.279,47.495,122.204,43.851,33,3.657,1214.841,6.176,0,Boa
211,2026-01-09 18:00:00,Tarde,M4,Forn_C,Ampola,Atenção moderada,177.467,2.533,5.822,33.858,3.38,58.523,125.114,47.397,9,3.8,1286.454,6.142,0,Boa
212,2026-01-09 19:00:00,Tarde,M3,Forn_D,Frasco,Alta atenção,174.332,5.668,5.634,27.59,3.74,56.861,120.967,44.591,87,5.573,1157.662,7.825,0,Atenção
213,2026-01-09 20:00:00,Manhã,M1,Forn_D,Pote,Atenção moderada,180.835,0.835,5.396,30.493,2.439,64.055,126.823,44.747,74,4.863,1176.976,6.113,0,Boa
214,2026-01-09 21:00:00,Noite,M3,Forn_A,Ampola,Alta atenção,182.22,2.22,6.199,29.849,3.651,61.399,121.494,44.425,80,5.706,1161.076,7.031,0,Atenção
215,2026-01-09 22:00:00,Tarde,M2,Forn_D,Pote,Atenção moderada,184.082,4.082,6.206,36.703,3.118,64.111,119.544,36.479,26,3.993,1378.482,6.617,0,Boa
216,2026-01-09 23:00:00,Noite,M4,Forn_C,Pote,Atenção moderada,185.004,5.004,6.865,30.125,3.602,60.171,123.247,38.496,28,4.134,1226.818,6.778,0,Boa
217,2026-01-10 00:00:00,Manhã,M2,Forn_A,Pote,Atenção moderada,181.635,1.635,5.799,34.426,2.887,56.782,117.368,41.18,29,3.325,1231.277,6.078,0,Boa
218,2026-01-10 01:00:00,Manhã,M3,Forn_C,Ampola,Atenção moderada,184.261,4.261,6.233,29.919,3.07,64.344,123.394,39.097,2,3.344,1261.627,3.492,0,Boa
219,2026-01-10 02:00:00,Noite,M1,Forn_C,Pote,Atenção moderada,178.765,1.235,6.241,30.552,1.73,62.815,118.871,37.742,15,3.381,1220.737,4.592,0,Boa
220,2026-01-10 03:00:00,Tarde,M2,Forn_A,Ampola,Atenção moderada,182.571,2.571,5.986,31.214,3.349,58.197,111.059,34.511,27,3.589,1343.69,4.717,0,Boa
221,2026-01-10 04:00:00,Manhã,M4,Forn_E,Pote,Atenção moderada,178.006,1.994,6.435,36.108,3.951,65.804,125.022,36.614,88,5.187,1285.439,8.321,1,Crítica
222,2026-01-10 05:00:00,Tarde,M3,Forn_B,Frasco,Atenção moderada,183.233,3.233,6.449,25.952,3.952,35.061,112.349,40.974,18,4.138,1133.656,6.184,0,Boa
223,2026-01-10 06:00:00,Tarde,M2,Forn_B,Frasco,Atenção moderada,183.976,3.976,6.247,27.79,2.755,52.531,124.018,41.722,45,3.916,1139.246,5.661,0,Boa
224,2026-01-10 07:00:00,Noite,M4,Forn_C,Pote,Alta atenção,178.317,1.683,5.985,25.769,5.032,52.401,119.215,38.828,49,5.379,1106.388,7.797,0,Atenção
225,2026-01-10 08:00:00,Manhã,M4,Forn_E,Pote,Atenção moderada,182.285,2.285,5.939,28.52,3.553,64.798,130.284,42.316,32,4.365,1158.718,6.069,0,Boa
226,2026-01-10 09:00:00,Noite,M2,Forn_D,Pote,Atenção moderada,176.87,3.13,5.485,29.403,2.531,68.357,126.301,40.265,82,4.847,1287.472,6.475,0,Boa
227,2026-01-10 10:00:00,Manhã,M2,Forn_D,Frasco,Baixa atenção,177.404,2.596,5.737,26.834,2.454,42.673,113.692,46.362,8,2.669,1134.465,5.767,0,Boa
228,2026-01-10 11:00:00,Tarde,M2,Forn_B,Pote,Atenção moderada,174.113,5.887,5.82,29.651,1.973,66.995,111.865,41.353,78,4.58,1170.642,6.264,0,Boa
229,2026-01-10 12:00:00,Tarde,M3,Forn_E,Ampola,Alta atenção,188.162,8.162,5.594,25.553,4.396,45.043,122.464,44.785,66,6.259,1031.345,8.068,1,Crítica
230,2026-01-10 13:00:00,Manhã,M2,Forn_E,Ampola,Atenção moderada,186.161,6.161,6.298,28.742,3.991,45.3,117.261,42.813,27,4.219,1104.432,6.244,0,Boa
231,2026-01-10 14:00:00,Manhã,M1,Forn_C,Frasco,Atenção moderada,181.956,1.956,6.638,35.841,3.19,53.009,132.025,36.392,69,4.469,1320.849,5.094,0,Boa
232,2026-01-10 15:00:00,Tarde,M4,Forn_C,Ampola,Atenção moderada,192.847,12.847,5.691,33.291,3.218,52.295,124.836,41.637,38,3.572,1241.725,8.874,1,Crítica
233,2026-01-10 16:00:00,Noite,M4,Forn_A,Ampola,Alta atenção,180.959,0.959,6.228,32.6,4.977,41.753,130.213,37.058,87,6.61,1272.9,7.205,0,Atenção
234,2026-01-10 17:00:00,Tarde,M3,Forn_D,Frasco,Baixa atenção,197.875,17.875,5.635,28.791,3.171,60.524,120.359,41.568,3,2.526,1087.37,8.834,1,Crítica
235,2026-01-10 18:00:00,Noite,M4,Forn_E,Pote,Baixa atenção,180.749,0.749,5.963,27.085,3.625,60.775,115.673,39.019,2,2.551,1168.789,6.797,0,Boa
236,2026-01-10 19:00:00,Noite,M3,Forn_C,Frasco,Alta atenção,182.604,2.604,5.789,28.355,4.334,63.959,123.911,43.528,48,5.31,1217.229,8.461,1,Crítica
237,2026-01-10 20:00:00,Tarde,M3,Forn_C,Pote,Alta atenção,179.012,0.988,6.371,31.862,3.828,51.316,129.157,36.631,83,6.104,1345.071,7.927,1,Crítica
238,2026-01-10 21:00:00,Noite,M3,Forn_C,Ampola,Atenção moderada,183.248,3.248,5.795,34.778,6.954,54.664,125.771,42.059,5,5.573,1209.433,11.527,1,Crítica
239,2026-01-10 22:00:00,Manhã,M2,Forn_A,Frasco,Alta atenção,184.896,4.896,6.555,34.888,3.262,54.741,123.271,44.29,70,5.226,1248.321,7.463,0,Atenção
240,2026-01-10 23:00:00,Manhã,M2,Forn_D,Ampola,Alta atenção,179.673,0.327,5.989,34.018,2.842,69.348,134.558,45.63,84,5.368,1222.916,8.379,1,Crítica
241,2026-01-11 00:00:00,Noite,M1,Forn_D,Ampola,Atenção moderada,188.772,8.772,5.808,29.64,2.402,30.909,120.828,38.943,43,4.082,1225.886,6.696,0,Boa
242,2026-01-11 01:00:00,Noite,M3,Forn_E,Pote,Atenção moderada,182.515,2.515,5.536,32.079,2.199,46.866,122.898,42.071,78,5.022,1191.134,4.582,0,Boa
243,2026-01-11 02:00:00,Manhã,M1,Forn_E,Pote,Atenção moderada,180.488,0.488,6.214,30.972,2.619,55.047,108.742,42.737,68,3.508,1298.141,3.649,0,Boa
244,2026-01-11 03:00:00,Tarde,M1,Forn_C,Pote,Atenção moderada,174.001,5.999,6.503,31.356,5.204,45.773,125.326,48.189,19,5.473,1201.333,12.493,1,Crítica
245,2026-01-11 04:00:00,Tarde,M2,Forn_E,Ampola,Alta atenção,182.602,2.602,6.223,38.519,3.489,52.804,127.769,36.075,76,5.632,1389.386,8.272,1,Crítica
246,2026-01-11 05:00:00,Noite,M2,Forn_C,Ampola,Atenção moderada,179.563,0.437,7.107,26.362,3.113,53.928,119.752,38.356,62,4.588,1235.225,4.785,0,Boa
247,2026-01-11 06:00:00,Tarde,M1,Forn_D,Pote,Baixa atenção,175.655,4.345,6.743,31.249,2.153,49.41,120.569,53.218,1,2.431,1169.062,5.301,0,Boa
248,2026-01-11 07:00:00,Tarde,M3,Forn_D,Pote,Atenção moderada,176.929,3.071,5.962,35.878,3.547,55.548,122.805,40.908,51,5.019,1338.819,6.935,0,Atenção
249,2026-01-11 08:00:00,Manhã,M4,Forn_E,Pote,Alta atenção,196.695,16.695,5.957,27.309,4.458,60.339,121.7,34.436,58,5.428,1168.381,12.324,1,Crítica
250,2026-01-11 09:00:00,Tarde,M1,Forn_D,Pote,Alta atenção,177.551,2.449,6.311,29.94,3.08,52.992,125.366,39.67,72,5.733,1159.064,5.499,0,Boa
251,2026-01-11 10:00:00,Tarde,M1,Forn_A,Pote,Alta atenção,170.987,9.013,5.723,30.307,2.908,51.148,121.335,30.925,69,5.377,1247.976,5.672,0,Boa
252,2026-01-11 11:00:00,Noite,M2,Forn_A,Frasco,Atenção moderada,176.46,3.54,6.625,31.285,2.582,53.591,120.446,42.964,42,3.827,1325.252,7.997,1,Crítica
253,2026-01-11 12:00:00,Tarde,M3,Forn_C,Ampola,Atenção moderada,180.916,0.916,6.263,26.893,3.964,54.937,125.599,45.239,26,4.071,1163.744,6.751,0,Boa
254,2026-01-11 13:00:00,Manhã,M3,Forn_C,Pote,Baixa atenção,184.207,4.207,6.215,33.905,1.364,40.207,117.66,38.353,17,1.178,1311.699,5.423,0,Boa
255,2026-01-11 14:00:00,Manhã,M1,Forn_D,Ampola,Baixa atenção,182.051,2.051,6.409,34.132,5.245,58.923,119.277,40.117,8,4.696,1249.797,9.622,1,Crítica
256,2026-01-11 15:00:00,Noite,M3,Forn_C,Frasco,Atenção moderada,184.921,4.921,6.875,33.627,5.071,51.166,128.518,45.695,57,5.09,1294.968,8.956,1,Crítica
257,2026-01-11 16:00:00,Noite,M1,Forn_C,Pote,Atenção moderada,175.453,4.547,6.177,29.215,1.82,65.723,113.199,34.999,86,4.88,1172.275,4.821,0,Boa
258,2026-01-11 17:00:00,Manhã,M2,Forn_E,Pote,Baixa atenção,182.172,2.172,6.049,32.277,2.943,60.024,120.691,36.714,7,3.098,1208.54,5.055,0,Boa
259,2026-01-11 18:00:00,Manhã,M4,Forn_B,Pote,Alta atenção,177.182,2.818,6.779,29.122,3.795,64.946,115.903,41.088,63,5.49,1173.061,7.445,0,Atenção
260,2026-01-11 19:00:00,Tarde,M1,Forn_C,Pote,Atenção moderada,175.592,4.408,6.535,30.936,2.499,46.406,116.801,38.991,52,4.763,1330.346,4.115,0,Boa
261,2026-01-11 20:00:00,Manhã,M1,Forn_C,Frasco,Atenção moderada,173.953,6.047,5.956,38.891,5.967,51.843,114.606,40.825,15,4.889,1460.91,10.949,1,Crítica
262,2026-01-11 21:00:00,Noite,M2,Forn_C,Frasco,Atenção moderada,173.764,6.236,6.102,32.306,3.407,44.439,120.101,36.945,19,4.67,1258.009,7.027,0,Atenção
263,2026-01-11 22:00:00,Manhã,M3,Forn_E,Pote,Atenção moderada,187.053,7.053,6.188,28.2,3.499,49.006,129.48,42.857,25,3.979,1141.545,7.183,0,Atenção
264,2026-01-11 23:00:00,Manhã,M4,Forn_E,Ampola,Atenção moderada,185.787,5.787,6.263,32.577,4.318,65.643,124.73,41.403,61,4.815,1184.854,7.329,0,Atenção
265,2026-01-12 00:00:00,Noite,M4,Forn_C,Pote,Atenção moderada,187.372,7.372,5.49,27.674,3.811,67.644,125.111,44.197,26,3.823,1158.566,7.506,0,Atenção
266,2026-01-12 01:00:00,Manhã,M1,Forn_C,Ampola,Alta atenção,179.216,0.784,5.406,28.163,4.867,45.241,134.726,42.802,74,5.929,1178.819,5.413,0,Boa
267,2026-01-12 02:00:00,Manhã,M1,Forn_C,Frasco,Atenção moderada,183.272,3.272,5.701,28.668,2.898,51.105,123.661,42.827,33,4.051,1216.014,6.541,0,Boa
268,2026-01-12 03:00:00,Manhã,M3,Forn_A,Pote,Baixa atenção,171.513,8.487,5.666,30.578,3.527,54.352,112.805,36.215,9,2.984,1292.208,7.429,0,Atenção
269,2026-01-12 04:00:00,Manhã,M1,Forn_C,Pote,Baixa atenção,183.747,3.747,5.81,34.998,1.688,59.978,119.536,43.97,8,2.234,1279.248,4.175,0,Boa
270,2026-01-12 05:00:00,Manhã,M4,Forn_B,Ampola,Atenção moderada,182.974,2.974,6.386,33.851,3.447,40.042,123.823,40.677,36,4.103,1310.616,6.218,0,Boa
271,2026-01-12 06:00:00,Manhã,M3,Forn_A,Frasco,Atenção moderada,184.649,4.649,6.024,33.674,4.146,41.374,121.904,41.334,36,4.359,1247.261,6.68,0,Boa
272,2026-01-12 07:00:00,Manhã,M1,Forn_A,Pote,Atenção moderada,181.09,1.09,6.188,28.483,1.932,59.162,120.979,46.193,66,4.608,1182.807,4.532,0,Boa
273,2026-01-12 08:00:00,Manhã,M3,Forn_C,Pote,Atenção moderada,175.771,4.229,5.549,30.268,1.998,38.433,123.999,39.122,43,3.877,1206.822,3.659,0,Boa
274,2026-01-12 09:00:00,Tarde,M1,Forn_A,Pote,Atenção moderada,170.761,9.239,5.892,32.87,2.821,51.202,127.108,47.405,14,3.697,1251.617,8.123,1,Crítica
275,2026-01-12 10:00:00,Tarde,M2,Forn_D,Ampola,Atenção moderada,176.384,3.616,6.364,29.989,3.991,56.378,115.051,47.778,19,3.816,1194.063,5.958,0,Boa
276,2026-01-12 11:00:00,Tarde,M2,Forn_C,Ampola,Atenção moderada,183.407,3.407,6.368,31.109,3.128,58.533,121.861,45.011,50,4.961,1215.501,6.717,0,Boa
277,2026-01-12 12:00:00,Manhã,M2,Forn_B,Frasco,Baixa atenção,184.096,4.096,5.774,33.412,2.882,53.795,118.96,38.078,30,3.071,1327.75,5.451,0,Boa
278,2026-01-12 13:00:00,Tarde,M3,Forn_D,Frasco,Atenção moderada,173.676,6.324,6.173,30.884,2.192,51.891,119.575,33.255,60,3.581,1202.341,6.258,0,Boa
279,2026-01-12 14:00:00,Noite,M3,Forn_C,Frasco,Atenção moderada,175.804,4.196,7.089,32.723,3.694,62.179,130.847,46.315,83,5.175,1186.365,8.716,1,Crítica
280,2026-01-12 15:00:00,Noite,M4,Forn_D,Frasco,Atenção moderada,178.022,1.978,6.092,37.097,4.23,57.424,137.939,42.446,31,4.461,1322.138,7.845,0,Atenção
281,2026-01-12 16:00:00,Manhã,M4,Forn_D,Pote,Atenção moderada,180.035,0.035,5.788,31.45,2.642,49.5,120.318,39.019,49,4.664,1186.548,6.922,0,Atenção
282,2026-01-12 17:00:00,Manhã,M2,Forn_A,Ampola,Alta atenção,172.809,7.191,6.022,35.774,3.837,55.321,125.104,46.694,74,5.26,1268.803,7.995,1,Crítica
283,2026-01-12 18:00:00,Manhã,M1,Forn_B,Pote,Atenção moderada,171.179,8.821,6.141,33.79,3.298,58.257,121.96,38.554,18,3.339,1279.316,8.429,1,Crítica
284,2026-01-12 19:00:00,Manhã,M3,Forn_C,Pote,Atenção moderada,176.68,3.32,6.032,27.305,4.136,69.605,117.08,40.303,45,4.728,1228.754,5.947,0,Boa
285,2026-01-12 20:00:00,Tarde,M4,Forn_E,Frasco,Atenção moderada,182.474,2.474,6.086,28.473,4.179,61.684,122.321,44.1,27,4.566,1176.383,6.685,0,Boa
286,2026-01-12 21:00:00,Tarde,M1,Forn_A,Ampola,Atenção moderada,172.507,7.493,5.45,29.332,3.225,65.324,117.017,37.546,56,4.439,1267.808,7.243,0,Atenção
287,2026-01-12 22:00:00,Manhã,M2,Forn_A,Frasco,Atenção moderada,179.663,0.337,5.667,29.265,3.438,49.81,110.595,41.562,66,4.831,1211.745,6.991,0,Atenção
288,2026-01-12 23:00:00,Manhã,M2,Forn_E,Pote,Baixa atenção,186.122,6.122,6.033,31.711,3.665,50.544,123.84,46.357,12,2.97,1191.733,6.722,0,Boa
289,2026-01-13 00:00:00,Tarde,M1,Forn_E,Ampola,Baixa atenção,171.84,8.16,6.026,33.967,1.618,52.999,118.368,42.844,16,2.313,1281.776,6.207,0,Boa
290,2026-01-13 01:00:00,Manhã,M3,Forn_A,Ampola,Baixa atenção,180.065,0.065,5.845,36.017,2.424,53.78,130.53,46.99,2,3.123,1322.678,4.735,0,Boa
291,2026-01-13 02:00:00,Noite,M2,Forn_C,Pote,Baixa atenção,185.936,5.936,6.02,32.986,2.622,46.432,123.535,46.534,1,2.713,1291.515,7.857,0,Atenção
292,2026-01-13 03:00:00,Manhã,M3,Forn_D,Pote,Baixa atenção,178.9,1.1,6.127,30.574,3.316,65.76,113.802,42.031,4,2.811,1213.205,6.305,0,Boa
293,2026-01-13 04:00:00,Noite,M3,Forn_A,Ampola,Alta atenção,178.045,1.955,6.5,25.337,3.652,62.508,117.23,32.653,63,5.655,1102.333,7.268,0,Atenção
294,2026-01-13 05:00:00,Manhã,M3,Forn_B,Pote,Alta atenção,187.599,7.599,6.055,32.226,3.611,52.402,115.654,37.577,81,5.353,1196.092,6.359,0,Boa
295,2026-01-13 06:00:00,Noite,M2,Forn_B,Frasco,Atenção moderada,178.616,1.384,6.28,32.082,3.826,60.455,119.768,45.053,36,5.023,1215.002,4.998,0,Boa
296,2026-01-13 07:00:00,Noite,M2,Forn_D,Pote,Alta atenção,186.375,6.375,5.856,32.585,3.847,56.895,128.98,35.799,79,6.317,1184.437,6.165,0,Boa
297,2026-01-13 08:00:00,Noite,M3,Forn_B,Pote,Atenção moderada,183.559,3.559,6.357,38.74,2.833,61.119,126.506,40.693,65,4.733,1454.286,7.462,0,Atenção
298,2026-01-13 09:00:00,Noite,M3,Forn_C,Frasco,Atenção moderada,179.314,0.686,6.269,35.97,3.555,43.573,130.246,43.354,72,4.641,1335.874,6.815,0,Boa
299,2026-01-13 10:00:00,Noite,M2,Forn_B,Pote,Alta atenção,182.938,2.938,6.49,34.512,2.549,53.762,120.542,47.878,66,5.612,1229.284,7.227,0,Atenção
300,2026-01-13 11:00:00,Tarde,M4,Forn_D,Frasco,Atenção moderada,183.762,3.762,6.421,28.921,3.678,54.507,119.628,39.7,17,3.907,1152.301,6.484,0,Boa
301,2026-01-13 12:00:00,Noite,M1,Forn_A,Ampola,Atenção moderada,184.615,4.615,6.365,30.358,3.009,60.301,119.783,39.426,47,4.119,1275.874,5.723,0,Boa
302,2026-01-13 13:00:00,Manhã,M4,Forn_B,Pote,Atenção moderada,178.984,1.016,6.056,31.696,1.584,49.658,126.248,41.79,47,3.912,1190.577,4.637,0,Boa
303,2026-01-13 14:00:00,Tarde,M1,Forn_B,Ampola,Alta atenção,179.227,0.773,6.21,29.519,4.367,33.751,127.544,43.404,57,5.628,1146.796,7.912,1,Crítica
304,2026-01-13 15:00:00,Tarde,M1,Forn_E,Ampola,Alta atenção,178.662,1.338,6.579,33.601,3.168,45.806,128.772,41.383,71,5.662,1242.753,7.525,0,Atenção
305,2026-01-13 16:00:00,Noite,M2,Forn_E,Frasco,Baixa atenção,184.173,4.173,5.807,33.142,2.713,54.481,130.023,46.197,10,2.694,1247.608,6.822,0,Boa
306,2026-01-13 17:00:00,Tarde,M1,Forn_C,Frasco,Alta atenção,173.362,6.638,5.817,28.517,4.053,55.543,119.096,38.803,60,5.372,1227.831,8.662,1,Crítica
307,2026-01-13 18:00:00,Tarde,M1,Forn_A,Ampola,Atenção moderada,184.593,4.593,6.182,35.83,2.574,69.312,132.17,42.481,74,4.302,1364.963,7.59,0,Atenção
308,2026-01-13 19:00:00,Tarde,M1,Forn_D,Ampola,Atenção moderada,181.565,1.565,6.287,32.327,2.886,59.953,117.845,43.781,10,3.387,1288.122,5.672,0,Boa
309,2026-01-13 20:00:00,Manhã,M2,Forn_C,Pote,Atenção moderada,173.057,6.943,5.729,26.467,2.783,55.693,112.545,40.399,37,3.831,1154.245,7.001,0,Atenção
310,2026-01-13 21:00:00,Manhã,M3,Forn_E,Ampola,Alta atenção,187.845,7.845,6.066,31.836,4.474,54.725,132.523,45.359,80,6.187,1269.493,8.422,1,Crítica
311,2026-01-13 22:00:00,Tarde,M1,Forn_B,Frasco,Baixa atenção,191.288,11.288,6.058,32.9,2.732,64.386,116.357,42.596,2,2.697,1227.725,7.051,0,Atenção
312,2026-01-13 23:00:00,Tarde,M3,Forn_E,Ampola,Atenção moderada,186.71,6.71,5.103,35.113,3.497,49.984,128.157,45.155,14,3.43,1201.739,7.123,0,Atenção
313,2026-01-14 00:00:00,Manhã,M3,Forn_E,Ampola,Alta atenção,189.048,9.048,6.001,30.92,4.182,53.808,126.801,42.776,72,5.27,1191.09,7.312,0,Atenção
314,2026-01-14 01:00:00,Manhã,M1,Forn_B,Ampola,Atenção moderada,179.47,0.53,6.029,34.649,3.18,45.741,128.721,43.506,15,3.755,1248.127,6.473,0,Boa
315,2026-01-14 02:00:00,Manhã,M1,Forn_D,Frasco,Alta atenção,169.862,10.138,6.028,32.599,2.765,67.061,121.977,39.47,63,5.281,1241.253,9.148,1,Crítica
316,2026-01-14 03:00:00,Manhã,M4,Forn_B,Frasco,Alta atenção,171.857,8.143,6.737,27.792,4.522,58.336,121.452,39.477,81,5.866,1139.958,10.481,1,Crítica
317,2026-01-14 04:00:00,Manhã,M3,Forn_B,Pote,Alta atenção,182.603,2.603,5.553,27.471,5.05,48.986,127.495,46.898,44,5.547,1115.8,6.31,0,Boa
318,2026-01-14 05:00:00,Tarde,M2,Forn_B,Pote,Atenção moderada,177.044,2.956,5.729,35.592,3.306,54.027,122.63,44.542,43,4.503,1323.579,8.716,1,Crítica
319,2026-01-14 06:00:00,Manhã,M3,Forn_D,Ampola,Atenção moderada,176.17,3.83,4.925,35.827,3.476,59.332,119.614,37.908,38,4.255,1413.58,5.73,0,Boa
320,2026-01-14 07:00:00,Noite,M1,Forn_B,Ampola,Baixa atenção,178.655,1.345,5.884,33.033,2.911,52.869,123.584,42.723,33,3.104,1181.98,4.178,0,Boa
321,2026-01-14 08:00:00,Noite,M2,Forn_D,Ampola,Atenção moderada,183.686,3.686,5.922,36.786,3.952,50.457,121.965,32.505,34,3.808,1325.428,6.482,0,Boa
322,2026-01-14 09:00:00,Tarde,M3,Forn_C,Pote,Atenção moderada,173.21,6.79,5.871,35.381,3.011,49.439,120.258,39.704,49,3.974,1282.872,8.774,1,Crítica
323,2026-01-14 10:00:00,Manhã,M1,Forn_D,Pote,Atenção moderada,176.531,3.469,6.598,34.188,2.619,57.881,124.097,45.844,80,4.078,1297.693,6.834,0,Atenção
324,2026-01-14 11:00:00,Tarde,M3,Forn_E,Ampola,Alta atenção,189.504,9.504,6.487,29.084,2.401,51.957,133.154,41.499,88,5.794,1186.039,7.111,0,Atenção
325,2026-01-14 12:00:00,Noite,M2,Forn_A,Ampola,Atenção moderada,174.386,5.614,6.135,37.541,2.33,51.143,124.193,42.472,77,4.957,1309.551,5.213,0,Boa
326,2026-01-14 13:00:00,Tarde,M3,Forn_E,Ampola,Baixa atenção,185.984,5.984,5.933,33.716,3.063,43.643,116.814,30.0,10,3.171,1374.144,4.95,0,Boa
327,2026-01-14 14:00:00,Noite,M2,Forn_A,Ampola,Baixa atenção,177.634,2.366,6.562,30.765,3.064,55.66,110.869,40.431,27,2.709,1274.443,6.672,0,Boa
328,2026-01-14 15:00:00,Tarde,M2,Forn_C,Ampola,Atenção moderada,183.302,3.302,6.091,29.862,4.25,53.46,123.733,43.353,68,4.757,1198.221,8.147,1,Crítica
329,2026-01-14 16:00:00,Tarde,M1,Forn_B,Frasco,Atenção moderada,185.035,5.035,5.732,32.822,3.148,52.266,128.303,43.861,49,4.401,1212.825,8.346,1,Crítica
330,2026-01-14 17:00:00,Manhã,M1,Forn_D,Ampola,Atenção moderada,183.077,3.077,5.328,26.653,2.207,56.69,125.846,45.849,30,4.201,1139.738,6.506,0,Boa
331,2026-01-14 18:00:00,Noite,M3,Forn_D,Ampola,Atenção moderada,186.2,6.2,5.901,34.239,2.927,61.358,123.941,41.159,28,3.335,1279.43,4.371,0,Boa
332,2026-01-14 19:00:00,Manhã,M1,Forn_E,Ampola,Atenção moderada,172.666,7.334,6.44,28.949,3.694,60.963,123.412,41.337,10,3.92,1182.873,6.311,0,Boa
333,2026-01-14 20:00:00,Tarde,M1,Forn_C,Pote,Atenção moderada,185.125,5.125,7.124,33.186,3.532,59.698,125.242,36.672,29,3.797,1272.596,7.995,1,Crítica
334,2026-01-14 21:00:00,Noite,M1,Forn_E,Pote,Atenção moderada,174.31,5.69,6.128,30.331,2.818,52.954,125.049,41.182,37,3.885,1261.078,6.338,0,Boa
335,2026-01-14 22:00:00,Manhã,M1,Forn_B,Ampola,Atenção moderada,180.427,0.427,5.756,31.154,2.512,50.181,125.278,36.954,37,4.238,1268.769,4.508,0,Boa
336,2026-01-14 23:00:00,Tarde,M3,Forn_B,Frasco,Atenção moderada,182.62,2.62,5.567,29.578,4.131,46.127,127.698,34.609,49,4.786,1288.662,5.877,0,Boa
337,2026-01-15 00:00:00,Manhã,M2,Forn_B,Ampola,Baixa atenção,182.968,2.968,6.348,31.484,2.454,49.958,118.709,37.659,24,2.959,1319.722,6.427,0,Boa
338,2026-01-15 01:00:00,Noite,M4,Forn_C,Pote,Atenção moderada,183.853,3.853,5.306,38.046,4.055,55.167,123.69,48.035,18,4.608,1341.291,8.288,1,Crítica
339,2026-01-15 02:00:00,Manhã,M1,Forn_D,Ampola,Alta atenção,174.359,5.641,6.348,36.432,4.277,48.317,129.822,40.918,79,5.943,1307.94,8.687,1,Crítica
340,2026-01-15 03:00:00,Noite,M3,Forn_E,Pote,Atenção moderada,173.776,6.224,6.468,33.134,3.533,55.816,126.991,42.88,36,4.714,1307.395,6.894,0,Atenção
341,2026-01-15 04:00:00,Manhã,M2,Forn_B,Ampola,Baixa atenção,185.098,5.098,6.296,31.919,2.596,46.794,128.026,39.946,22,2.979,1275.795,6.198,0,Boa
342,2026-01-15 05:00:00,Noite,M2,Forn_B,Frasco,Alta atenção,181.322,1.322,6.001,34.701,3.367,40.882,129.979,34.838,57,5.395,1450.17,4.649,0,Boa
343,2026-01-15 06:00:00,Noite,M4,Forn_E,Ampola,Atenção moderada,188.322,8.322,6.354,35.616,3.494,61.965,137.383,45.744,48,4.685,1303.446,7.725,0,Atenção
344,2026-01-15 07:00:00,Tarde,M4,Forn_C,Ampola,Atenção moderada,181.754,1.754,6.177,29.345,2.894,50.967,122.189,33.311,51,4.517,1276.387,3.208,0,Boa
345,2026-01-15 08:00:00,Noite,M4,Forn_B,Pote,Atenção moderada,174.272,5.728,5.75,31.752,4.256,47.885,121.824,39.781,19,4.17,1265.814,6.278,0,Boa
346,2026-01-15 09:00:00,Noite,M1,Forn_E,Ampola,Atenção moderada,184.314,4.314,6.933,26.17,3.527,45.702,115.614,41.782,65,4.862,1136.797,6.28,0,Boa
347,2026-01-15 10:00:00,Noite,M1,Forn_C,Frasco,Baixa atenção,176.963,3.037,5.942,35.594,2.598,58.596,123.959,42.922,17,3.138,1292.974,8.53,1,Crítica
348,2026-01-15 11:00:00,Manhã,M3,Forn_E,Ampola,Atenção moderada,183.081,3.081,6.449,38.608,3.155,66.687,124.864,39.094,75,4.986,1393.169,4.549,0,Boa
349,2026-01-15 12:00:00,Tarde,M1,Forn_E,Ampola,Atenção moderada,175.439,4.561,5.012,32.256,2.175,51.574,120.082,34.648,38,3.968,1313.501,4.657,0,Boa
350,2026-01-15 13:00:00,Manhã,M3,Forn_E,Pote,Atenção moderada,190.244,10.244,6.674,25.2,3.303,53.168,120.186,38.796,36,4.005,1192.171,8.464,1,Crítica
351,2026-01-15 14:00:00,Tarde,M2,Forn_C,Pote,Baixa atenção,175.479,4.521,6.761,33.948,2.734,64.109,122.014,39.005,34,3.051,1310.443,8.599,1,Crítica
352,2026-01-15 15:00:00,Manhã,M2,Forn_D,Pote,Baixa atenção,178.444,1.556,6.113,29.107,2.443,39.611,117.274,38.908,38,2.928,1189.103,5.692,0,Boa
353,2026-01-15 16:00:00,Tarde,M3,Forn_E,Pote,Atenção moderada,181.791,1.791,6.351,29.877,4.63,71.718,128.691,45.88,59,4.739,1170.741,8.268,1,Crítica
354,2026-01-15 17:00:00,Tarde,M3,Forn_B,Pote,Atenção moderada,175.193,4.807,6.351,34.005,3.703,75.775,110.171,37.146,44,4.835,1248.258,7.501,0,Atenção
355,2026-01-15 18:00:00,Tarde,M1,Forn_A,Frasco,Baixa atenção,180.818,0.818,5.811,32.815,3.172,31.996,122.165,43.204,11,2.756,1327.795,4.399,0,Boa
356,2026-01-15 19:00:00,Tarde,M1,Forn_B,Ampola,Atenção moderada,187.866,7.866,6.346,30.438,3.374,54.171,130.177,42.633,50,4.691,1189.05,7.758,0,Atenção
357,2026-01-15 20:00:00,Noite,M3,Forn_D,Pote,Atenção moderada,178.502,1.498,5.736,29.921,3.901,48.889,131.148,45.842,24,4.127,1229.988,6.236,0,Boa
358,2026-01-15 21:00:00,Noite,M2,Forn_C,Pote,Baixa atenção,182.473,2.473,5.826,32.403,2.831,52.749,124.548,41.467,9,2.998,1267.622,6.871,0,Atenção
359,2026-01-15 22:00:00,Tarde,M1,Forn_A,Pote,Alta atenção,163.878,16.122,6.607,30.69,2.977,51.444,129.636,45.165,75,5.285,1217.678,7.809,0,Atenção
360,2026-01-15 23:00:00,Tarde,M2,Forn_C,Frasco,Atenção moderada,180.086,0.086,6.539,28.45,2.925,61.9,120.727,41.311,28,3.72,1179.612,6.621,0,Boa
361,2026-01-16 00:00:00,Noite,M3,Forn_A,Pote,Atenção moderada,179.478,0.522,5.782,30.936,3.685,54.043,121.779,43.738,53,3.597,1180.837,5.962,0,Boa
362,2026-01-16 01:00:00,Manhã,M3,Forn_C,Frasco,Atenção moderada,176.698,3.302,5.77,33.087,6.138,47.257,121.817,35.988,15,4.791,1254.041,10.754,1,Crítica
363,2026-01-16 02:00:00,Manhã,M2,Forn_C,Frasco,Atenção moderada,186.248,6.248,5.809,31.43,2.851,53.536,119.532,31.447,30,3.859,1370.564,5.351,0,Boa
364,2026-01-16 03:00:00,Manhã,M2,Forn_D,Pote,Atenção moderada,178.506,1.494,6.43,27.477,2.236,59.376,117.235,43.51,34,4.188,1160.404,4.844,0,Boa
365,2026-01-16 04:00:00,Tarde,M1,Forn_C,Ampola,Atenção moderada,178.024,1.976,5.65,35.165,2.895,44.938,121.916,43.725,12,3.911,1343.121,7.054,0,Atenção
366,2026-01-16 05:00:00,Tarde,M2,Forn_C,Frasco,Atenção moderada,178.225,1.775,6.261,23.236,2.967,41.007,114.78,43.902,87,4.829,1139.104,5.722,0,Boa
367,2026-01-16 06:00:00,Noite,M1,Forn_D,Pote,Baixa atenção,168.458,11.542,6.436,30.572,1.571,71.938,118.876,39.9,28,2.747,1212.35,8.194,1,Crítica
368,2026-01-16 07:00:00,Tarde,M2,Forn_D,Pote,Atenção moderada,174.074,5.926,6.06,30.015,3.43,49.539,122.355,47.959,52,3.942,1195.56,6.7,0,Boa
369,2026-01-16 08:00:00,Manhã,M3,Forn_E,Frasco,Alta atenção,186.486,6.486,6.555,32.474,4.027,53.832,124.697,40.16,50,5.599,1265.678,7.906,0,Atenção
370,2026-01-16 09:00:00,Noite,M1,Forn_B,Frasco,Alta atenção,167.395,12.605,5.963,33.797,4.443,51.619,121.224,43.684,38,5.24,1216.018,8.377,1,Crítica
371,2026-01-16 10:00:00,Noite,M1,Forn_C,Ampola,Atenção moderada,174.785,5.215,6.004,35.606,2.546,59.659,127.049,44.379,52,4.318,1288.473,6.706,0,Boa
372,2026-01-16 11:00:00,Manhã,M1,Forn_B,Ampola,Atenção moderada,176.802,3.198,5.66,29.72,2.45,70.069,126.853,48.875,50,4.122,1192.591,6.503,0,Boa
373,2026-01-16 12:00:00,Manhã,M4,Forn_C,Pote,Atenção moderada,191.59,11.59,6.558,33.877,3.079,59.929,119.807,40.732,7,3.725,1263.305,9.126,1,Crítica
374,2026-01-16 13:00:00,Manhã,M3,Forn_A,Frasco,Alta atenção,185.427,5.427,5.755,32.627,3.536,42.094,119.924,39.387,60,5.49,1256.031,6.038,0,Boa
375,2026-01-16 14:00:00,Manhã,M1,Forn_C,Ampola,Atenção moderada,175.936,4.064,6.257,26.523,2.932,43.235,120.417,36.007,10,3.633,1171.573,5.827,0,Boa
376,2026-01-16 15:00:00,Manhã,M4,Forn_A,Pote,Atenção moderada,189.175,9.175,6.068,38.082,3.273,51.609,124.199,48.209,39,4.375,1415.338,8.393,1,Crítica
377,2026-01-16 16:00:00,Noite,M2,Forn_C,Ampola,Atenção moderada,176.227,3.773,5.626,27.396,2.986,52.72,121.807,43.686,32,3.645,1070.323,6.194,0,Boa
378,2026-01-16 17:00:00,Tarde,M2,Forn_E,Frasco,Atenção moderada,185.85,5.85,5.826,33.342,1.814,40.363,131.856,43.812,40,3.743,1281.77,5.367,0,Boa
379,2026-01-16 18:00:00,Tarde,M4,Forn_E,Frasco,Atenção moderada,174.526,5.474,6.722,33.248,4.402,61.964,134.047,54.467,6,4.168,1187.494,9.869,1,Crítica
380,2026-01-16 19:00:00,Noite,M1,Forn_C,Pote,Atenção moderada,184.903,4.903,6.191,32.882,2.299,45.766,128.238,43.3,63,4.269,1224.896,5.389,0,Boa
381,2026-01-16 20:00:00,Tarde,M1,Forn_A,Pote,Atenção moderada,176.766,3.234,5.646,30.417,2.777,67.693,121.86,36.791,37,3.68,1232.659,7.384,0,Atenção
382,2026-01-16 21:00:00,Noite,M2,Forn_B,Frasco,Baixa atenção,174.643,5.357,6.237,34.647,4.177,70.475,131.003,41.216,5,4.467,1326.992,9.467,1,Crítica
383,2026-01-16 22:00:00,Noite,M1,Forn_A,Frasco,Atenção moderada,177.806,2.194,6.034,27.007,2.421,52.89,106.34,38.101,0,3.281,1209.172,5.856,0,Boa
384,2026-01-16 23:00:00,Tarde,M3,Forn_D,Ampola,Atenção moderada,182.725,2.725,7.6,31.789,3.218,58.731,120.463,40.417,48,4.073,1258.288,7.301,0,Atenção
385,2026-01-17 00:00:00,Manhã,M1,Forn_E,Ampola,Atenção moderada,176.279,3.721,6.228,30.196,2.793,44.528,124.809,40.39,59,4.387,1270.551,5.309,0,Boa
386,2026-01-17 01:00:00,Noite,M1,Forn_C,Ampola,Atenção moderada,182.047,2.047,5.929,29.833,3.112,60.301,120.454,39.652,49,4.539,1276.0,4.986,0,Boa
387,2026-01-17 02:00:00,Tarde,M1,Forn_A,Pote,Alta atenção,175.794,4.206,6.739,33.372,3.735,50.765,128.549,36.427,64,5.393,1337.085,4.999,0,Boa
388,2026-01-17 03:00:00,Noite,M2,Forn_A,Pote,Atenção moderada,183.712,3.712,5.272,35.448,3.576,45.758,128.877,48.37,68,4.972,1247.449,6.234,0,Boa
389,2026-01-17 04:00:00,Manhã,M1,Forn_E,Pote,Alta atenção,181.432,1.432,6.142,30.902,3.425,52.541,127.355,43.195,78,6.272,1240.904,7.026,0,Atenção
390,2026-01-17 05:00:00,Noite,M1,Forn_B,Pote,Alta atenção,178.665,1.335,6.997,34.498,3.74,51.041,125.777,41.098,88,6.087,1317.392,5.638,0,Boa
391,2026-01-17 06:00:00,Tarde,M4,Forn_A,Frasco,Alta atenção,179.572,0.428,6.048,32.159,4.17,52.236,125.032,45.031,79,6.103,1194.494,6.528,0,Boa
392,2026-01-17 07:00:00,Manhã,M2,Forn_A,Pote,Alta atenção,181.133,1.133,5.32,29.143,3.076,63.072,122.743,43.884,71,5.813,1112.59,4.755,0,Boa
393,2026-01-17 08:00:00,Tarde,M2,Forn_B,Pote,Atenção moderada,183.326,3.326,5.922,31.175,3.756,48.325,124.749,43.103,38,4.204,1133.052,6.683,0,Boa
394,2026-01-17 09:00:00,Tarde,M1,Forn_D,Ampola,Atenção moderada,190.34,10.34,6.755,31.042,3.497,69.748,122.364,44.74,45,4.434,1215.823,7.714,0,Atenção
395,2026-01-17 10:00:00,Manhã,M2,Forn_E,Pote,Atenção moderada,185.467,5.467,6.269,29.771,3.522,43.737,127.352,42.536,55,4.223,1215.338,6.983,0,Atenção
396,2026-01-17 11:00:00,Tarde,M1,Forn_B,Pote,Baixa atenção,184.368,4.368,5.723,33.371,1.854,68.731,125.471,44.681,15,2.592,1201.756,5.462,0,Boa
397,2026-01-17 12:00:00,Noite,M3,Forn_D,Ampola,Atenção moderada,198.187,18.187,5.792,32.751,2.853,46.36,132.388,45.012,60,3.899,1289.019,8.695,1,Crítica
398,2026-01-17 13:00:00,Manhã,M1,Forn_A,Pote,Atenção moderada,181.838,1.838,5.848,26.91,2.621,54.991,116.377,42.651,52,4.538,1156.649,4.938,0,Boa
399,2026-01-17 14:00:00,Tarde,M4,Forn_A,Ampola,Atenção moderada,184.666,4.666,6.263,26.715,4.307,50.833,114.817,41.118,46,5.138,1215.446,6.273,0,Boa
400,2026-01-17 15:00:00,Tarde,M4,Forn_A,Frasco,Alta atenção,185.872,5.872,6.702,33.359,3.786,52.078,129.079,48.122,75,5.408,1252.467,6.017,0,Boa
401,2026-01-17 16:00:00,Manhã,M1,Forn_E,Pote,Atenção moderada,173.451,6.549,6.574,29.391,3.539,61.812,133.925,40.088,61,4.931,1160.568,8.924,1,Crítica
402,2026-01-17 17:00:00,Noite,M1,Forn_C,Frasco,Alta atenção,176.559,3.441,6.305,32.967,3.655,67.749,132.277,43.565,83,6.043,1274.411,7.15,0,Atenção
403,2026-01-17 18:00:00,Noite,M1,Forn_E,Frasco,Alta atenção,176.216,3.784,5.501,34.499,3.579,65.119,123.449,43.656,87,5.268,1311.031,4.908,0,Boa
404,2026-01-17 19:00:00,Manhã,M3,Forn_A,Frasco,Alta atenção,184.762,4.762,5.502,27.933,4.184,51.559,125.698,39.562,74,5.813,1160.56,6.938,0,Atenção
405,2026-01-17 20:00:00,Noite,M1,Forn_A,Ampola,Atenção moderada,178.042,1.958,6.34,27.483,2.126,56.566,120.978,38.769,26,3.464,1116.573,5.803,0,Boa
406,2026-01-17 21:00:00,Noite,M4,Forn_E,Ampola,Baixa atenção,182.76,2.76,5.495,37.358,4.114,48.352,117.732,40.585,17,3.171,1353.745,5.764,0,Boa
407,2026-01-17 22:00:00,Manhã,M3,Forn_A,Ampola,Atenção moderada,187.181,7.181,5.998,33.125,3.005,46.572,129.929,40.031,26,3.941,1231.041,8.25,1,Crítica
408,2026-01-17 23:00:00,Noite,M3,Forn_A,Ampola,Atenção moderada,185.947,5.947,6.237,30.658,2.328,45.256,119.602,36.167,64,3.647,1303.371,4.912,0,Boa
409,2026-01-18 00:00:00,Manhã,M2,Forn_C,Pote,Atenção moderada,179.411,0.589,5.588,29.011,2.913,51.281,121.455,39.394,77,5.059,1187.215,6.609,0,Boa
410,2026-01-18 01:00:00,Noite,M4,Forn_D,Frasco,Alta atenção,178.315,1.685,5.639,30.367,4.661,57.122,124.731,43.065,79,5.61,1287.349,8.878,1,Crítica
411,2026-01-18 02:00:00,Tarde,M1,Forn_B,Ampola,Alta atenção,185.244,5.244,6.058,28.19,3.099,38.75,131.012,47.064,61,5.379,1052.985,7.123,0,Atenção
412,2026-01-18 03:00:00,Tarde,M2,Forn_C,Frasco,Atenção moderada,184.556,4.556,6.327,34.827,4.412,54.606,123.983,44.218,61,4.936,1289.754,6.495,0,Boa
413,2026-01-18 04:00:00,Manhã,M2,Forn_D,Pote,Atenção moderada,171.466,8.534,6.578,29.514,3.215,67.886,109.616,31.602,85,4.776,1321.772,7.595,0,Atenção
414,2026-01-18 05:00:00,Noite,M4,Forn_C,Pote,Alta atenção,180.278,0.278,6.373,35.499,5.391,64.536,130.465,44.565,61,6.055,1253.815,9.31,1,Crítica
415,2026-01-18 06:00:00,Manhã,M2,Forn_B,Ampola,Baixa atenção,181.21,1.21,6.133,30.718,3.215,50.026,110.594,39.767,12,3.142,1227.039,4.726,0,Boa
416,2026-01-18 07:00:00,Manhã,M3,Forn_A,Ampola,Atenção moderada,185.484,5.484,5.764,28.661,3.415,43.127,120.732,43.812,45,3.751,1156.799,7.525,0,Atenção
417,2026-01-18 08:00:00,Manhã,M1,Forn_C,Ampola,Atenção moderada,184.006,4.006,5.618,30.636,1.968,58.909,127.016,41.943,32,3.479,1189.986,5.377,0,Boa
418,2026-01-18 09:00:00,Noite,M4,Forn_E,Pote,Atenção moderada,183.561,3.561,5.87,23.603,4.522,35.302,122.123,41.229,57,4.501,1109.095,7.36,0,Atenção
419,2026-01-18 10:00:00,Manhã,M2,Forn_D,Pote,Atenção moderada,183.519,3.519,6.284,31.614,2.774,64.436,127.535,41.591,57,3.969,1181.999,5.366,0,Boa
420,2026-01-18 11:00:00,Noite,M2,Forn_E,Ampola,Baixa atenção,180.653,0.653,6.251,31.456,2.679,53.185,123.698,41.91,26,3.195,1230.701,4.322,0,Boa
421,2026-01-18 12:00:00,Tarde,M4,Forn_A,Pote,Atenção moderada,178.294,1.706,5.155,34.639,4.633,70.566,137.9,47.378,26,4.889,1286.148,6.691,0,Boa
422,2026-01-18 13:00:00,Manhã,M2,Forn_A,Frasco,Atenção moderada,178.863,1.137,5.746,25.964,3.853,40.321,116.701,41.921,7,4.112,1127.102,6.13,0,Boa
423,2026-01-18 14:00:00,Manhã,M2,Forn_C,Pote,Atenção moderada,180.404,0.404,6.642,35.718,3.836,62.804,128.92,46.342,26,4.586,1243.033,6.825,0,Atenção
424,2026-01-18 15:00:00,Manhã,M2,Forn_A,Pote,Atenção moderada,180.109,0.109,6.136,34.626,2.865,54.146,124.939,45.76,74,4.927,1317.947,5.888,0,Boa
425,2026-01-18 16:00:00,Tarde,M1,Forn_C,Pote,Atenção moderada,168.629,11.371,5.462,36.007,2.767,52.186,126.454,44.668,58,3.369,1335.304,7.943,1,Crítica
426,2026-01-18 17:00:00,Noite,M2,Forn_E,Ampola,Alta atenção,178.114,1.886,7.16,31.831,3.061,43.356,122.14,34.854,84,5.579,1234.415,4.772,0,Boa
427,2026-01-18 18:00:00,Manhã,M1,Forn_B,Ampola,Alta atenção,179.309,0.691,6.087,35.244,3.309,60.064,137.296,46.467,83,6.172,1220.6,6.365,0,Boa
428,2026-01-18 19:00:00,Noite,M1,Forn_C,Ampola,Alta atenção,177.452,2.548,6.273,27.292,3.81,60.747,120.442,40.168,77,6.161,1127.494,6.078,0,Boa
429,2026-01-18 20:00:00,Manhã,M4,Forn_D,Frasco,Atenção moderada,180.642,0.642,6.28,34.282,4.039,70.174,131.387,44.863,16,4.11,1294.863,8.122,1,Crítica
430,2026-01-18 21:00:00,Noite,M2,Forn_A,Pote,Atenção moderada,182.984,2.984,5.935,29.532,4.384,63.568,123.118,38.11,30,3.976,1234.378,7.112,0,Atenção
431,2026-01-18 22:00:00,Noite,M2,Forn_E,Ampola,Baixa atenção,174.366,5.634,5.773,26.716,3.683,49.952,115.311,37.26,5,3.139,1211.505,6.561,0,Boa
432,2026-01-18 23:00:00,Noite,M2,Forn_B,Pote,Atenção moderada,171.346,8.654,7.055,28.403,2.947,46.467,124.023,49.906,8,3.931,1122.092,8.086,1,Crítica
433,2026-01-19 00:00:00,Tarde,M2,Forn_E,Pote,Baixa atenção,178.385,1.615,6.551,32.018,3.639,43.368,120.557,38.172,20,3.164,1224.759,5.93,0,Boa
434,2026-01-19 01:00:00,Noite,M3,Forn_D,Ampola,Atenção moderada,185.403,5.403,6.47,29.362,4.509,67.522,125.299,46.584,25,3.913,1213.654,6.548,0,Boa
435,2026-01-19 02:00:00,Manhã,M4,Forn_A,Pote,Atenção moderada,191.282,11.282,6.359,33.203,5.099,48.386,125.482,42.474,1,4.459,1239.151,8.511,1,Crítica
436,2026-01-19 03:00:00,Manhã,M4,Forn_D,Ampola,Alta atenção,186.302,6.302,5.649,26.214,4.571,67.582,120.233,40.32,75,5.77,1158.483,10.05,1,Crítica
437,2026-01-19 04:00:00,Manhã,M2,Forn_A,Ampola,Atenção moderada,172.225,7.775,6.675,25.193,3.117,59.463,115.501,41.821,47,3.792,1053.719,7.203,0,Atenção
438,2026-01-19 05:00:00,Tarde,M2,Forn_C,Ampola,Alta atenção,179.022,0.978,5.721,36.392,2.959,57.804,117.546,36.796,59,5.285,1327.032,4.255,0,Boa
439,2026-01-19 06:00:00,Noite,M2,Forn_E,Ampola,Atenção moderada,181.711,1.711,6.227,34.892,3.474,52.392,130.061,41.945,58,5.058,1342.784,6.452,0,Boa
440,2026-01-19 07:00:00,Tarde,M2,Forn_E,Ampola,Alta atenção,181.277,1.277,5.362,28.642,4.188,60.616,117.47,37.669,87,5.942,1176.148,6.367,0,Boa
441,2026-01-19 08:00:00,Noite,M2,Forn_E,Pote,Baixa atenção,183.266,3.266,5.182,31.99,3.382,54.868,119.737,40.418,13,2.934,1290.18,5.728,0,Boa
442,2026-01-19 09:00:00,Manhã,M3,Forn_C,Pote,Atenção moderada,176.156,3.844,6.243,35.262,3.695,51.862,129.576,45.701,30,5.054,1178.471,6.162,0,Boa
443,2026-01-19 10:00:00,Noite,M2,Forn_C,Pote,Atenção moderada,180.657,0.657,5.736,33.341,3.133,60.916,127.002,43.017,27,3.722,1238.381,7.216,0,Atenção
444,2026-01-19 11:00:00,Manhã,M2,Forn_B,Ampola,Atenção moderada,182.612,2.612,5.205,32.474,2.887,53.776,114.844,36.071,49,4.887,1278.434,4.197,0,Boa
445,2026-01-19 12:00:00,Manhã,M2,Forn_E,Frasco,Atenção moderada,184.841,4.841,6.343,35.504,2.995,48.214,127.296,45.406,47,4.659,1367.762,5.65,0,Boa
446,2026-01-19 13:00:00,Tarde,M2,Forn_C,Pote,Atenção moderada,175.869,4.131,7.054,29.662,3.188,60.099,124.085,41.972,71,4.849,1150.459,7.312,0,Atenção
447,2026-01-19 14:00:00,Noite,M1,Forn_D,Ampola,Atenção moderada,177.102,2.898,6.725,32.1,3.917,54.456,122.609,39.831,50,4.623,1288.919,8.772,1,Crítica
448,2026-01-19 15:00:00,Tarde,M1,Forn_B,Frasco,Atenção moderada,164.129,15.871,5.984,31.943,2.644,59.156,126.313,44.987,21,3.935,1275.107,9.848,1,Crítica
449,2026-01-19 16:00:00,Manhã,M3,Forn_D,Frasco,Alta atenção,177.782,2.218,6.104,31.127,3.434,51.142,119.955,41.331,50,5.247,1200.5,5.899,0,Boa
450,2026-01-19 17:00:00,Tarde,M2,Forn_B,Ampola,Atenção moderada,177.416,2.584,6.499,30.753,2.538,44.722,111.118,37.337,86,4.331,1231.383,7.127,0,Atenção
451,2026-01-19 18:00:00,Manhã,M1,Forn_D,Ampola,Atenção moderada,173.392,6.608,6.605,32.233,3.266,69.748,129.02,49.391,52,4.804,1214.919,6.454,0,Boa
452,2026-01-19 19:00:00,Noite,M2,Forn_A,Ampola,Atenção moderada,181.211,1.211,5.945,32.11,3.988,68.146,122.071,41.931,53,4.929,1180.695,6.718,0,Boa
453,2026-01-19 20:00:00,Tarde,M3,Forn_A,Frasco,Atenção moderada,180.892,0.892,6.115,28.645,4.456,62.512,112.291,41.674,15,3.636,1165.921,7.05,0,Atenção
454,2026-01-19 21:00:00,Manhã,M1,Forn_B,Pote,Baixa atenção,166.574,13.426,6.235,34.566,2.932,51.704,117.983,40.38,0,2.93,1357.521,7.792,0,Atenção
455,2026-01-19 22:00:00,Manhã,M3,Forn_C,Frasco,Atenção moderada,182.385,2.385,6.349,28.876,3.773,52.447,127.156,46.72,18,3.208,1186.32,7.353,0,Atenção
456,2026-01-19 23:00:00,Manhã,M4,Forn_D,Pote,Baixa atenção,176.894,3.106,6.04,31.302,3.7,66.75,113.49,39.9,2,3.085,1236.923,6.746,0,Boa
457,2026-01-20 00:00:00,Noite,M2,Forn_B,Frasco,Atenção moderada,182.971,2.971,6.046,31.055,3.443,51.992,130.874,35.82,40,3.934,1267.07,7.217,0,Atenção
458,2026-01-20 01:00:00,Tarde,M3,Forn_A,Pote,Alta atenção,174.15,5.85,6.721,33.146,3.604,49.623,119.634,39.285,79,5.327,1306.698,5.421,0,Boa
459,2026-01-20 02:00:00,Noite,M1,Forn_B,Pote,Atenção moderada,179.165,0.835,6.644,25.219,2.838,70.914,120.967,47.307,40,3.929,1128.509,6.359,0,Boa
460,2026-01-20 03:00:00,Tarde,M4,Forn_C,Pote,Atenção moderada,180.443,0.443,6.315,34.851,3.89,54.595,120.91,45.329,58,4.622,1252.971,6.201,0,Boa
461,2026-01-20 04:00:00,Tarde,M2,Forn_C,Ampola,Alta atenção,181.967,1.967,6.874,29.834,3.394,70.032,125.389,40.98,77,6.084,1280.678,8.077,1,Crítica
462,2026-01-20 05:00:00,Manhã,M4,Forn_D,Pote,Alta atenção,182.686,2.686,5.926,35.904,3.609,43.114,129.032,47.493,68,5.447,1344.294,7.021,0,Atenção
463,2026-01-20 06:00:00,Noite,M2,Forn_B,Pote,Alta atenção,178.897,1.103,6.83,30.47,2.942,59.405,118.327,44.992,58,5.366,1231.48,7.484,0,Atenção
464,2026-01-20 07:00:00,Manhã,M1,Forn_D,Ampola,Alta atenção,170.551,9.449,6.344,31.844,3.91,72.604,135.393,40.934,70,5.378,1210.118,9.728,1,Crítica
465,2026-01-20 08:00:00,Tarde,M1,Forn_D,Pote,Atenção moderada,170.875,9.125,7.572,38.124,4.562,55.253,121.82,41.336,25,4.212,1312.974,9.25,1,Crítica
466,2026-01-20 09:00:00,Tarde,M3,Forn_D,Frasco,Atenção moderada,177.989,2.011,5.563,31.113,2.617,52.756,120.886,43.317,37,4.541,1207.083,7.001,0,Atenção
467,2026-01-20 10:00:00,Tarde,M2,Forn_C,Frasco,Atenção moderada,180.254,0.254,5.79,35.964,2.281,45.074,126.489,38.672,35,3.245,1337.394,5.757,0,Boa
468,2026-01-20 11:00:00,Noite,M1,Forn_E,Ampola,Atenção moderada,175.655,4.345,6.288,32.125,2.178,64.2,130.712,42.018,71,4.448,1167.568,6.417,0,Boa
469,2026-01-20 12:00:00,Manhã,M3,Forn_B,Pote,Atenção moderada,184.639,4.639,6.279,33.329,3.333,48.454,130.447,43.234,36,4.437,1284.402,4.585,0,Boa
470,2026-01-20 13:00:00,Tarde,M4,Forn_D,Pote,Alta atenção,180.464,0.464,6.978,32.224,4.382,54.194,117.814,35.252,84,5.573,1344.079,6.257,0,Boa
471,2026-01-20 14:00:00,Tarde,M2,Forn_A,Frasco,Atenção moderada,174.992,5.008,5.799,34.713,3.484,44.507,123.496,41.243,16,3.916,1323.943,8.075,1,Crítica
472,2026-01-20 15:00:00,Tarde,M2,Forn_A,Pote,Atenção moderada,178.77,1.23,6.507,29.806,3.212,68.234,111.685,40.788,15,3.679,1181.758,4.668,0,Boa
473,2026-01-20 16:00:00,Manhã,M1,Forn_E,Pote,Alta atenção,180.242,0.242,6.623,28.851,3.144,64.817,129.004,46.112,64,5.42,1129.953,6.985,0,Atenção
474,2026-01-20 17:00:00,Manhã,M3,Forn_C,Frasco,Alta atenção,182.987,2.987,6.417,29.957,2.95,54.732,114.408,34.622,68,5.263,1262.29,7.29,0,Atenção
475,2026-01-20 18:00:00,Manhã,M2,Forn_D,Frasco,Alta atenção,190.631,10.631,5.668,32.319,2.941,45.19,122.903,40.474,61,5.233,1252.238,7.741,0,Atenção
476,2026-01-20 19:00:00,Manhã,M4,Forn_D,Pote,Atenção moderada,178.321,1.679,6.733,31.293,3.787,68.055,121.226,40.073,27,4.043,1262.816,5.073,0,Boa
477,2026-01-20 20:00:00,Tarde,M2,Forn_D,Ampola,Baixa atenção,179.896,0.104,6.653,34.273,2.07,51.89,123.358,45.84,0,1.95,1291.868,4.015,0,Boa
478,2026-01-20 21:00:00,Tarde,M2,Forn_B,Ampola,Atenção moderada,182.644,2.644,6.37,36.175,2.345,45.606,124.507,41.826,28,4.279,1370.246,7.587,0,Atenção
479,2026-01-20 22:00:00,Tarde,M1,Forn_A,Frasco,Baixa atenção,178.871,1.129,6.192,28.877,2.071,40.022,128.028,49.184,41,2.882,1098.332,3.448,0,Boa
480,2026-01-20 23:00:00,Tarde,M1,Forn_A,Pote,Atenção moderada,176.247,3.753,6.202,29.651,3.297,49.509,123.816,44.649,37,3.481,1198.129,5.476,0,Boa
481,2026-01-21 00:00:00,Tarde,M3,Forn_E,Pote,Alta atenção,172.679,7.321,6.065,27.404,3.559,42.636,124.383,40.359,82,5.872,1154.941,6.753,0,Boa
482,2026-01-21 01:00:00,Manhã,M2,Forn_B,Ampola,Alta atenção,177.49,2.51,6.388,38.497,3.497,49.706,124.116,42.959,77,6.165,1352.238,7.852,0,Atenção
483,2026-01-21 02:00:00,Tarde,M2,Forn_C,Pote,Atenção moderada,174.395,5.605,6.114,32.975,1.904,61.327,129.802,40.584,69,4.403,1309.237,6.326,0,Boa
484,2026-01-21 03:00:00,Manhã,M4,Forn_C,Ampola,Atenção moderada,172.504,7.496,5.718,33.535,2.836,51.809,118.059,45.438,1,3.239,1297.521,6.469,0,Boa
485,2026-01-21 04:00:00,Manhã,M4,Forn_A,Pote,Baixa atenção,177.624,2.376,5.628,27.711,4.231,58.023,123.915,36.671,11,2.959,1260.042,8.282,1,Crítica
486,2026-01-21 05:00:00,Tarde,M4,Forn_C,Frasco,Atenção moderada,176.241,3.759,5.762,31.996,1.994,48.852,128.368,38.705,39,3.242,1282.205,6.278,0,Boa
487,2026-01-21 06:00:00,Tarde,M1,Forn_A,Frasco,Atenção moderada,182.211,2.211,6.2,33.63,3.596,55.554,126.747,43.823,55,3.985,1259.357,5.214,0,Boa
488,2026-01-21 07:00:00,Manhã,M2,Forn_A,Ampola,Atenção moderada,183.606,3.606,6.088,31.191,1.915,71.328,129.983,46.903,61,4.434,1192.095,4.239,0,Boa
489,2026-01-21 08:00:00,Tarde,M4,Forn_A,Frasco,Atenção moderada,177.029,2.971,6.197,35.442,4.348,52.038,106.195,33.192,26,3.675,1277.34,8.014,1,Crítica
490,2026-01-21 09:00:00,Tarde,M2,Forn_E,Pote,Baixa atenção,178.869,1.131,6.325,39.398,2.522,58.268,124.116,47.498,9,2.282,1408.211,5.231,0,Boa
491,2026-01-21 10:00:00,Tarde,M1,Forn_C,Ampola,Atenção moderada,168.78,11.22,5.818,28.969,3.482,41.693,123.873,41.439,29,4.216,1179.047,6.838,0,Atenção
492,2026-01-21 11:00:00,Tarde,M3,Forn_E,Pote,Alta atenção,178.481,1.519,6.76,28.729,5.485,67.921,127.143,34.465,71,6.825,1250.338,6.471,0,Boa
493,2026-01-21 12:00:00,Tarde,M2,Forn_C,Frasco,Atenção moderada,182.494,2.494,5.98,29.191,1.622,50.944,113.079,30.0,88,4.661,1290.996,4.133,0,Boa
494,2026-01-21 13:00:00,Manhã,M2,Forn_B,Frasco,Alta atenção,184.837,4.837,5.905,37.14,3.552,63.93,126.192,35.882,84,5.93,1315.124,6.265,0,Boa
495,2026-01-21 14:00:00,Noite,M4,Forn_D,Frasco,Atenção moderada,178.078,1.922,6.317,35.336,2.625,53.953,113.305,41.921,53,4.476,1263.923,3.909,0,Boa
496,2026-01-21 15:00:00,Tarde,M3,Forn_E,Frasco,Atenção moderada,186.985,6.985,5.274,31.566,3.677,60.198,124.336,41.736,8,3.366,1308.259,6.618,0,Boa
497,2026-01-21 16:00:00,Tarde,M2,Forn_C,Frasco,Atenção moderada,171.964,8.036,5.744,32.117,2.966,60.704,115.112,44.533,87,4.948,1246.245,6.965,0,Atenção
498,2026-01-21 17:00:00,Tarde,M2,Forn_A,Pote,Atenção moderada,173.438,6.562,6.541,29.387,3.184,51.154,123.459,39.802,13,3.596,1183.929,6.493,0,Boa
499,2026-01-21 18:00:00,Manhã,M2,Forn_B,Frasco,Atenção moderada,184.203,4.203,5.318,34.848,2.507,64.281,127.868,37.568,24,3.575,1314.957,8.255,1,Crítica
500,2026-01-21 19:00:00,Tarde,M1,Forn_E,Ampola,Alta atenção,188.191,8.191,6.603,30.784,3.307,48.549,124.49,40.348,87,6.031,1281.086,7.388,0,Atenção
501,2026-01-21 20:00:00,Noite,M3,Forn_C,Ampola,Atenção moderada,183.914,3.914,6.78,31.168,2.459,61.612,125.36,42.134,45,4.043,1271.324,6.029,0,Boa
502,2026-01-21 21:00:00,Noite,M3,Forn_E,Ampola,Atenção moderada,180.978,0.978,5.934,33.948,4.207,51.683,122.191,42.923,17,3.498,1209.016,6.698,0,Boa
503,2026-01-21 22:00:00,Noite,M1,Forn_C,Pote,Atenção moderada,166.926,13.074,6.231,31.398,2.534,57.971,120.054,38.843,45,4.254,1325.076,8.568,1,Crítica
504,2026-01-21 23:00:00,Tarde,M1,Forn_A,Pote,Baixa atenção,167.877,12.123,6.604,31.248,1.888,51.073,113.03,45.606,7,2.448,1255.111,7.672,0,Atenção
505,2026-01-22 00:00:00,Tarde,M4,Forn_E,Pote,Atenção moderada,182.712,2.712,5.89,32.034,7.14,55.425,125.901,39.514,28,5.905,1252.418,9.806,1,Crítica
506,2026-01-22 01:00:00,Noite,M1,Forn_D,Pote,Atenção moderada,177.031,2.969,6.49,34.545,2.756,45.865,116.707,38.521,85,5.133,1256.319,6.652,0,Boa
507,2026-01-22 02:00:00,Manhã,M2,Forn_D,Ampola,Atenção moderada,174.218,5.782,5.798,37.269,4.34,57.104,115.231,39.83,26,4.056,1399.201,11.036,1,Crítica
508,2026-01-22 03:00:00,Noite,M2,Forn_E,Frasco,Alta atenção,180.66,0.66,5.885,33.874,3.894,55.376,128.457,46.299,80,6.142,1276.517,7.46,0,Atenção
509,2026-01-22 04:00:00,Tarde,M3,Forn_A,Ampola,Atenção moderada,181.833,1.833,5.74,34.571,2.881,50.409,122.363,41.469,48,3.587,1228.591,4.181,0,Boa
510,2026-01-22 05:00:00,Manhã,M1,Forn_E,Ampola,Atenção moderada,184.194,4.194,6.254,31.36,2.745,54.532,123.358,39.222,59,4.033,1238.324,6.44,0,Boa
511,2026-01-22 06:00:00,Manhã,M3,Forn_B,Ampola,Atenção moderada,181.951,1.951,6.621,29.735,3.479,56.139,121.666,45.704,63,4.855,1324.534,5.499,0,Boa
512,2026-01-22 07:00:00,Noite,M2,Forn_E,Ampola,Alta atenção,187.056,7.056,6.017,34.093,4.092,49.761,139.489,50.571,49,5.647,1236.272,8.378,1,Crítica
513,2026-01-22 08:00:00,Manhã,M3,Forn_A,Pote,Atenção moderada,181.244,1.244,5.528,32.548,3.684,53.906,123.714,42.839,3,3.791,1216.862,4.769,0,Boa
514,2026-01-22 09:00:00,Manhã,M1,Forn_C,Frasco,Atenção moderada,178.366,1.634,5.613,27.448,2.915,46.453,123.566,46.935,82,4.525,1090.53,4.849,0,Boa
515,2026-01-22 10:00:00,Manhã,M2,Forn_D,Pote,Atenção moderada,186.154,6.154,6.278,30.95,2.97,74.939,126.826,46.144,42,4.702,1283.054,8.289,1,Crítica
516,2026-01-22 11:00:00,Manhã,M2,Forn_A,Ampola,Alta atenção,174.919,5.081,6.93,31.735,3.067,64.003,127.272,39.577,58,5.234,1291.698,7.766,0,Atenção
517,2026-01-22 12:00:00,Manhã,M1,Forn_A,Frasco,Atenção moderada,194.479,14.479,6.277,30.367,3.648,57.321,127.482,42.107,49,4.148,1278.346,9.87,1,Crítica
518,2026-01-22 13:00:00,Noite,M1,Forn_E,Ampola,Atenção moderada,181.064,1.064,5.926,36.742,2.802,64.963,124.29,36.87,59,3.377,1369.732,6.29,0,Boa
519,2026-01-22 14:00:00,Manhã,M1,Forn_A,Frasco,Atenção moderada,181.095,1.095,6.445,33.535,2.543,38.176,125.676,41.18,31,3.496,1333.578,5.144,0,Boa
520,2026-01-22 15:00:00,Noite,M2,Forn_D,Pote,Alta atenção,183.188,3.188,5.992,36.394,2.733,33.26,119.0,39.495,75,5.458,1299.697,6.568,0,Boa
521,2026-01-22 16:00:00,Noite,M1,Forn_E,Frasco,Atenção moderada,189.324,9.324,5.93,32.843,2.44,51.606,115.983,40.388,20,3.858,1276.353,6.655,0,Boa
522,2026-01-22 17:00:00,Manhã,M4,Forn_D,Ampola,Atenção moderada,186.359,6.359,5.669,32.26,2.889,43.282,122.801,39.0,58,4.137,1279.103,7.89,0,Atenção
523,2026-01-22 18:00:00,Manhã,M2,Forn_C,Frasco,Atenção moderada,171.472,8.528,6.734,29.003,2.612,52.989,119.758,40.852,52,4.985,1259.578,8.69,1,Crítica
524,2026-01-22 19:00:00,Tarde,M3,Forn_C,Ampola,Atenção moderada,188.919,8.919,4.957,32.038,4.374,56.748,127.614,44.129,45,3.953,1248.326,8.978,1,Crítica
525,2026-01-22 20:00:00,Manhã,M4,Forn_D,Frasco,Baixa atenção,180.125,0.125,6.459,32.042,3.666,62.824,120.854,41.522,1,3.081,1220.233,6.172,0,Boa
526,2026-01-22 21:00:00,Manhã,M1,Forn_C,Frasco,Atenção moderada,179.589,0.411,5.891,27.625,3.258,45.325,119.929,34.543,35,3.854,1210.154,7.405,0,Atenção
527,2026-01-22 22:00:00,Noite,M3,Forn_C,Ampola,Baixa atenção,174.164,5.836,5.915,30.274,1.789,58.397,111.706,39.016,4,2.822,1154.899,5.928,0,Boa
528,2026-01-22 23:00:00,Noite,M4,Forn_A,Frasco,Alta atenção,184.894,4.894,6.862,30.965,4.169,55.122,123.375,35.922,45,5.427,1155.362,7.566,0,Atenção
529,2026-01-23 00:00:00,Noite,M3,Forn_D,Ampola,Alta atenção,177.617,2.383,5.779,33.323,3.295,57.954,119.348,42.976,61,5.272,1300.857,7.253,0,Atenção
530,2026-01-23 01:00:00,Manhã,M2,Forn_D,Ampola,Atenção moderada,180.851,0.851,5.794,33.476,2.787,50.582,125.087,44.013,47,3.535,1243.637,5.478,0,Boa
531,2026-01-23 02:00:00,Tarde,M2,Forn_D,Frasco,Alta atenção,178.737,1.263,6.041,30.14,3.218,66.757,115.743,43.026,68,5.398,1194.108,5.836,0,Boa
532,2026-01-23 03:00:00,Tarde,M1,Forn_A,Pote,Atenção moderada,189.588,9.588,6.286,33.5,2.478,54.12,125.256,38.85,32,3.752,1326.722,7.702,0,Atenção
533,2026-01-23 04:00:00,Tarde,M2,Forn_D,Ampola,Baixa atenção,191.202,11.202,5.901,31.417,1.719,70.081,114.979,42.987,27,2.204,1291.947,7.462,0,Atenção
534,2026-01-23 05:00:00,Tarde,M4,Forn_D,Pote,Atenção moderada,182.256,2.256,5.392,22.817,4.399,48.282,115.633,40.12,40,3.89,1114.104,9.475,1,Crítica
535,2026-01-23 06:00:00,Manhã,M4,Forn_A,Pote,Atenção moderada,182.352,2.352,5.71,30.449,3.958,61.314,125.437,37.447,20,4.444,1328.885,7.693,0,Atenção
536,2026-01-23 07:00:00,Manhã,M1,Forn_E,Frasco,Atenção moderada,176.946,3.054,6.677,35.453,4.655,54.493,127.059,44.968,72,5.614,1313.448,9.866,1,Crítica
537,2026-01-23 08:00:00,Tarde,M3,Forn_C,Pote,Atenção moderada,187.283,7.283,6.134,26.618,2.772,52.214,115.489,45.272,72,4.306,1143.731,8.211,1,Crítica
538,2026-01-23 09:00:00,Manhã,M1,Forn_C,Pote,Atenção moderada,177.191,2.809,6.303,32.361,1.845,60.375,119.084,45.796,37,3.231,1241.433,5.957,0,Boa
539,2026-01-23 10:00:00,Manhã,M4,Forn_D,Pote,Alta atenção,179.683,0.317,5.982,37.073,3.946,52.457,120.501,39.567,71,5.664,1291.847,8.295,1,Crítica
540,2026-01-23 11:00:00,Noite,M1,Forn_C,Ampola,Atenção moderada,184.382,4.382,5.803,29.566,3.849,32.373,114.987,46.717,2,3.34,1218.263,6.165,0,Boa
541,2026-01-23 12:00:00,Noite,M4,Forn_C,Frasco,Baixa atenção,179.039,0.961,6.855,32.007,3.932,28.966,120.488,40.026,13,3.054,1145.937,6.129,0,Boa
542,2026-01-23 13:00:00,Tarde,M3,Forn_B,Frasco,Atenção moderada,180.992,0.992,6.015,27.827,2.501,65.816,124.318,44.614,25,4.174,1129.13,5.497,0,Boa
543,2026-01-23 14:00:00,Noite,M1,Forn_E,Pote,Atenção moderada,170.303,9.697,5.9,37.207,2.946,65.457,125.102,39.956,34,4.292,1351.0,8.172,1,Crítica
544,2026-01-23 15:00:00,Noite,M1,Forn_E,Ampola,Baixa atenção,182.873,2.873,6.593,31.733,2.765,71.042,123.88,41.104,20,3.17,1209.588,4.966,0,Boa
545,2026-01-23 16:00:00,Manhã,M3,Forn_A,Ampola,Atenção moderada,191.875,11.875,5.775,32.149,3.962,54.851,122.676,32.315,46,4.626,1280.623,9.445,1,Crítica
546,2026-01-23 17:00:00,Tarde,M1,Forn_D,Ampola,Alta atenção,182.967,2.967,5.832,36.334,3.194,44.013,125.982,40.792,71,5.249,1412.422,6.985,0,Atenção
547,2026-01-23 18:00:00,Tarde,M2,Forn_A,Ampola,Baixa atenção,188.34,8.34,6.105,34.117,1.159,51.434,118.014,42.364,41,2.559,1330.778,6.854,0,Atenção
548,2026-01-23 19:00:00,Manhã,M4,Forn_B,Pote,Atenção moderada,177.346,2.654,6.1,29.198,4.154,55.097,119.492,40.36,40,4.83,1172.723,7.259,0,Atenção
549,2026-01-23 20:00:00,Noite,M2,Forn_E,Ampola,Baixa atenção,181.6,1.6,6.217,29.929,2.448,46.44,114.871,49.025,5,2.097,1147.95,4.301,0,Boa
550,2026-01-23 21:00:00,Tarde,M2,Forn_A,Ampola,Baixa atenção,175.113,4.887,7.041,33.584,2.176,69.013,115.362,37.35,25,3.115,1241.617,6.608,0,Boa
551,2026-01-23 22:00:00,Tarde,M2,Forn_B,Ampola,Atenção moderada,179.047,0.953,6.251,30.003,2.977,74.036,121.771,39.746,72,4.472,1253.174,5.146,0,Boa
552,2026-01-23 23:00:00,Manhã,M1,Forn_B,Ampola,Atenção moderada,183.247,3.247,5.03,25.225,3.067,59.065,118.848,38.381,72,4.544,1131.716,7.787,0,Atenção
553,2026-01-24 00:00:00,Manhã,M4,Forn_D,Frasco,Atenção moderada,182.56,2.56,6.247,31.83,2.734,54.908,135.451,39.745,9,3.714,1165.845,7.328,0,Atenção
554,2026-01-24 01:00:00,Noite,M1,Forn_C,Ampola,Baixa atenção,171.23,8.77,6.117,27.263,3.258,43.993,111.998,46.126,1,3.049,1141.584,8.838,1,Crítica
555,2026-01-24 02:00:00,Manhã,M1,Forn_C,Pote,Alta atenção,171.767,8.233,6.12,37.172,3.296,68.145,127.476,47.912,74,5.326,1325.335,8.906,1,Crítica
556,2026-01-24 03:00:00,Manhã,M1,Forn_E,Frasco,Baixa atenção,171.404,8.596,6.211,32.566,2.831,55.649,110.67,39.197,15,2.302,1313.942,6.596,0,Boa
557,2026-01-24 04:00:00,Manhã,M4,Forn_C,Frasco,Atenção moderada,184.703,4.703,6.087,29.103,3.236,52.542,119.651,39.108,51,4.241,1205.467,7.095,0,Atenção
558,2026-01-24 05:00:00,Tarde,M1,Forn_D,Pote,Atenção moderada,190.351,10.351,6.076,29.764,2.163,59.09,121.737,37.371,74,4.817,1213.445,8.529,1,Crítica
559,2026-01-24 06:00:00,Tarde,M4,Forn_A,Ampola,Alta atenção,189.494,9.494,6.376,25.954,4.467,50.021,130.245,47.225,70,5.844,1196.814,8.087,1,Crítica
560,2026-01-24 07:00:00,Tarde,M3,Forn_B,Pote,Baixa atenção,170.772,9.228,5.856,28.482,2.418,56.248,116.666,46.484,49,3.03,1157.305,8.809,1,Crítica
561,2026-01-24 08:00:00,Manhã,M3,Forn_E,Ampola,Atenção moderada,189.016,9.016,5.674,35.252,4.092,42.739,125.986,41.576,33,4.534,1338.252,8.779,1,Crítica
562,2026-01-24 09:00:00,Manhã,M4,Forn_E,Pote,Alta atenção,187.15,7.15,7.461,39.142,3.693,64.24,126.431,36.416,69,5.466,1379.986,7.24,0,Atenção
563,2026-01-24 10:00:00,Noite,M3,Forn_D,Ampola,Alta atenção,172.701,7.299,5.778,34.324,3.338,54.113,116.807,36.773,62,5.473,1346.633,9.945,1,Crítica
564,2026-01-24 11:00:00,Tarde,M4,Forn_B,Pote,Atenção moderada,180.332,0.332,6.145,31.705,2.69,64.85,120.9,42.683,75,4.635,1170.441,5.881,0,Boa
565,2026-01-24 12:00:00,Tarde,M1,Forn_A,Ampola,Baixa atenção,185.025,5.025,5.427,30.618,2.705,53.29,120.182,44.197,46,3.059,1187.241,4.91,0,Boa
566,2026-01-24 13:00:00,Tarde,M3,Forn_E,Frasco,Alta atenção,184.227,4.227,6.152,28.939,3.799,53.842,121.683,33.735,84,5.361,1180.989,6.297,0,Boa
567,2026-01-24 14:00:00,Noite,M2,Forn_D,Pote,Atenção moderada,173.1,6.9,5.68,38.591,2.231,44.695,126.659,40.715,69,4.004,1343.488,8.561,1,Crítica
568,2026-01-24 15:00:00,Manhã,M2,Forn_B,Frasco,Atenção moderada,183.659,3.659,5.901,31.396,3.424,61.458,123.384,48.473,5,3.565,1254.797,8.673,1,Crítica
569,2026-01-24 16:00:00,Manhã,M4,Forn_C,Frasco,Baixa atenção,170.244,9.756,6.57,38.77,3.858,47.555,120.653,41.13,26,2.879,1344.091,9.443,1,Crítica
570,2026-01-24 17:00:00,Tarde,M4,Forn_D,Frasco,Atenção moderada,180.774,0.774,6.312,36.459,3.382,50.865,121.134,47.959,71,4.988,1324.816,7.727,0,Atenção
571,2026-01-24 18:00:00,Manhã,M3,Forn_C,Pote,Atenção moderada,187.459,7.459,6.356,26.429,3.956,55.009,125.043,44.596,10,4.317,1198.728,9.671,1,Crítica
572,2026-01-24 19:00:00,Noite,M2,Forn_E,Frasco,Atenção moderada,180.401,0.401,5.303,29.869,1.669,56.03,116.882,37.663,63,4.011,1229.254,5.284,0,Boa
573,2026-01-24 20:00:00,Tarde,M2,Forn_A,Pote,Atenção moderada,177.556,2.444,6.927,29.859,3.325,40.498,124.488,40.829,30,4.332,1257.621,6.323,0,Boa
574,2026-01-24 21:00:00,Noite,M2,Forn_B,Pote,Atenção moderada,185.191,5.191,5.564,31.744,4.153,53.038,127.902,41.485,18,3.285,1267.131,8.296,1,Crítica
575,2026-01-24 22:00:00,Noite,M2,Forn_A,Frasco,Atenção moderada,185.661,5.661,6.788,31.807,4.036,61.759,121.643,38.19,48,4.139,1267.721,8.268,1,Crítica
576,2026-01-24 23:00:00,Tarde,M2,Forn_D,Ampola,Alta atenção,187.505,7.505,6.56,41.588,3.353,51.784,126.99,38.121,83,6.181,1472.685,7.283,0,Atenção
577,2026-01-25 00:00:00,Noite,M1,Forn_D,Ampola,Atenção moderada,183.809,3.809,6.36,28.553,2.604,53.09,125.483,48.027,80,5.078,1232.6,7.214,0,Atenção
578,2026-01-25 01:00:00,Tarde,M1,Forn_E,Pote,Atenção moderada,184.948,4.948,5.715,32.733,2.387,56.38,123.462,38.091,36,3.639,1251.014,7.845,0,Atenção
579,2026-01-25 02:00:00,Noite,M3,Forn_C,Frasco,Baixa atenção,185.231,5.231,6.168,33.973,3.203,53.929,121.927,46.314,0,2.459,1213.621,6.611,0,Boa
580,2026-01-25 03:00:00,Manhã,M2,Forn_A,Ampola,Alta atenção,181.76,1.76,5.888,31.995,3.453,46.241,122.467,40.254,79,5.515,1208.706,5.566,0,Boa
581,2026-01-25 04:00:00,Tarde,M4,Forn_C,Ampola,Atenção moderada,182.492,2.492,6.113,32.353,5.355,54.691,127.316,41.897,80,6.354,1296.66,9.355,1,Crítica
582,2026-01-25 05:00:00,Tarde,M3,Forn_A,Frasco,Alta atenção,179.895,0.105,5.988,28.657,3.892,63.45,126.497,44.247,54,5.495,1223.28,5.568,0,Boa
583,2026-01-25 06:00:00,Manhã,M1,Forn_D,Pote,Alta atenção,172.332,7.668,5.183,32.341,4.187,46.065,123.126,39.606,56,6.41,1240.135,7.79,0,Atenção
584,2026-01-25 07:00:00,Tarde,M1,Forn_D,Pote,Atenção moderada,173.746,6.254,6.605,33.636,2.76,51.817,116.114,44.272,47,4.346,1165.842,8.534,1,Crítica
585,2026-01-25 08:00:00,Noite,M1,Forn_E,Ampola,Baixa atenção,177.449,2.551,6.064,33.048,3.08,43.256,118.17,33.814,1,3.788,1278.527,7.81,0,Atenção
586,2026-01-25 09:00:00,Tarde,M4,Forn_B,Frasco,Baixa atenção,183.328,3.328,5.882,33.825,2.926,63.002,117.877,43.759,14,2.089,1292.823,6.132,0,Boa
587,2026-01-25 10:00:00,Manhã,M1,Forn_B,Pote,Baixa atenção,186.924,6.924,5.848,36.52,3.305,54.215,121.299,32.126,12,2.62,1377.671,6.732,0,Boa
588,2026-01-25 11:00:00,Manhã,M2,Forn_A,Pote,Alta atenção,180.07,0.07,6.261,34.998,3.061,47.773,128.154,41.093,82,6.043,1312.076,6.939,0,Atenção
589,2026-01-25 12:00:00,Manhã,M4,Forn_C,Pote,Atenção moderada,187.519,7.519,5.698,32.228,4.37,55.784,115.527,45.417,4,3.26,1206.763,9.514,1,Crítica
590,2026-01-25 13:00:00,Manhã,M4,Forn_C,Frasco,Atenção moderada,187.936,7.936,5.085,28.25,3.453,44.769,124.192,44.489,50,4.432,1209.45,7.851,0,Atenção
591,2026-01-25 14:00:00,Noite,M1,Forn_D,Pote,Atenção moderada,177.727,2.273,6.283,30.08,3.34,46.215,122.11,36.806,32,4.292,1254.448,5.403,0,Boa
592,2026-01-25 15:00:00,Tarde,M1,Forn_D,Ampola,Atenção moderada,182.271,2.271,6.334,31.297,2.697,42.589,122.689,37.321,0,3.35,1284.473,5.298,0,Boa
593,2026-01-25 16:00:00,Manhã,M1,Forn_A,Frasco,Atenção moderada,177.661,2.339,6.01,32.808,2.324,45.932,123.583,39.245,82,4.848,1281.844,5.859,0,Boa
594,2026-01-25 17:00:00,Tarde,M1,Forn_B,Pote,Baixa atenção,186.272,6.272,5.583,30.469,2.539,66.537,111.562,42.745,1,2.445,1236.948,7.138,0,Atenção
595,2026-01-25 18:00:00,Manhã,M1,Forn_C,Ampola,Atenção moderada,182.497,2.497,6.14,29.006,2.022,48.768,125.562,33.872,77,4.654,1256.44,5.517,0,Boa
596,2026-01-25 19:00:00,Manhã,M2,Forn_B,Ampola,Alta atenção,173.752,6.248,5.441,28.198,4.393,58.963,123.671,41.947,69,5.404,1135.087,8.575,1,Crítica
597,2026-01-25 20:00:00,Tarde,M4,Forn_A,Frasco,Atenção moderada,182.888,2.888,5.638,26.716,3.737,47.891,117.42,43.246,71,5.127,1159.829,7.379,0,Atenção
598,2026-01-25 21:00:00,Tarde,M2,Forn_E,Pote,Atenção moderada,189.365,9.365,5.762,31.248,3.519,61.456,119.614,40.868,14,3.741,1273.312,8.281,1,Crítica
599,2026-01-25 22:00:00,Noite,M3,Forn_D,Pote,Alta atenção,180.203,0.203,6.48,27.297,3.051,46.278,124.308,44.101,79,5.331,1200.772,6.556,0,Boa
600,2026-01-25 23:00:00,Tarde,M1,Forn_C,Pote,Atenção moderada,181.462,1.462,5.937,28.798,2.116,55.333,126.184,42.895,53,4.913,1201.173,4.635,0,Boa
601,2026-01-26 00:00:00,Tarde,M3,Forn_B,Ampola,Atenção moderada,184.202,4.202,5.898,30.74,3.248,55.449,120.246,39.833,36,4.264,1190.791,9.301,1,Crítica
602,2026-01-26 01:00:00,Noite,M3,Forn_E,Frasco,Alta atenção,175.499,4.501,6.98,27.725,4.116,74.786,123.682,34.255,61,5.812,1174.138,7.617,0,Atenção
603,2026-01-26 02:00:00,Noite,M4,Forn_A,Pote,Atenção moderada,184.809,4.809,6.259,33.215,3.462,60.359,115.392,42.534,30,3.522,1244.357,7.108,0,Atenção
604,2026-01-26 03:00:00,Noite,M4,Forn_C,Pote,Atenção moderada,174.334,5.666,6.253,34.369,3.234,49.96,116.55,38.188,25,3.965,1317.13,7.874,0,Atenção
605,2026-01-26 04:00:00,Noite,M2,Forn_E,Frasco,Atenção moderada,176.859,3.141,5.934,30.242,3.201,60.823,109.792,39.687,25,3.385,1220.576,5.845,0,Boa
606,2026-01-26 05:00:00,Noite,M1,Forn_E,Pote,Atenção moderada,184.916,4.916,5.832,30.602,3.124,73.174,120.556,43.916,51,4.626,1158.719,7.267,0,Atenção
607,2026-01-26 06:00:00,Noite,M1,Forn_B,Pote,Alta atenção,180.962,0.962,5.116,33.72,3.868,41.148,134.66,47.669,54,5.257,1193.937,6.711,0,Boa
608,2026-01-26 07:00:00,Manhã,M2,Forn_D,Ampola,Atenção moderada,178.625,1.375,6.536,29.715,3.33,47.839,129.715,41.848,21,3.684,1110.278,5.082,0,Boa
609,2026-01-26 08:00:00,Noite,M4,Forn_A,Pote,Alta atenção,184.456,4.456,6.302,29.495,4.219,52.986,126.234,44.216,22,5.264,1047.349,7.958,1,Crítica
610,2026-01-26 09:00:00,Tarde,M2,Forn_A,Pote,Alta atenção,179.969,0.031,6.019,35.829,3.568,51.455,123.868,36.222,85,6.355,1339.767,4.338,0,Boa
611,2026-01-26 10:00:00,Tarde,M3,Forn_B,Ampola,Atenção moderada,181.269,1.269,6.038,34.829,2.651,52.172,124.633,42.982,46,4.568,1394.938,7.286,0,Atenção
612,2026-01-26 11:00:00,Tarde,M2,Forn_E,Pote,Alta atenção,183.913,3.913,6.431,33.925,2.474,43.914,128.556,41.76,77,5.215,1361.822,6.917,0,Atenção
613,2026-01-26 12:00:00,Noite,M1,Forn_D,Ampola,Atenção moderada,174.999,5.001,5.4,34.962,2.095,66.934,117.797,46.917,29,4.016,1227.254,7.292,0,Atenção
614,2026-01-26 13:00:00,Noite,M2,Forn_C,Ampola,Baixa atenção,180.522,0.522,5.835,25.673,2.234,42.908,113.379,39.838,25,2.532,1149.744,2.815,0,Boa
615,2026-01-26 14:00:00,Manhã,M3,Forn_B,Ampola,Atenção moderada,179.483,0.517,5.589,36.332,3.917,53.298,132.106,41.033,25,4.721,1262.391,5.485,0,Boa
616,2026-01-26 15:00:00,Noite,M3,Forn_A,Pote,Atenção moderada,172.479,7.521,6.897,33.255,3.589,63.89,118.713,46.235,47,4.138,1185.244,9.285,1,Crítica
617,2026-01-26 16:00:00,Noite,M2,Forn_B,Frasco,Atenção moderada,175.237,4.763,6.494,35.235,3.152,54.743,121.173,41.632,70,4.779,1251.359,11.269,1,Crítica
618,2026-01-26 17:00:00,Manhã,M1,Forn_A,Pote,Atenção moderada,187.625,7.625,5.109,33.239,1.115,46.675,122.165,37.565,45,3.416,1281.548,7.161,0,Atenção
619,2026-01-26 18:00:00,Manhã,M3,Forn_A,Frasco,Atenção moderada,183.316,3.316,5.419,32.157,4.736,43.536,130.183,52.207,26,5.14,1183.471,8.493,1,Crítica
620,2026-01-26 19:00:00,Manhã,M1,Forn_D,Pote,Atenção moderada,171.72,8.28,6.04,31.119,3.497,53.045,116.97,37.686,86,5.768,1264.243,11.779,1,Crítica
621,2026-01-26 20:00:00,Noite,M4,Forn_A,Frasco,Alta atenção,173.528,6.472,5.887,33.175,5.134,48.565,124.493,41.741,51,5.323,1297.416,7.554,0,Atenção
622,2026-01-26 21:00:00,Tarde,M1,Forn_A,Pote,Atenção moderada,178.383,1.617,5.504,31.002,1.858,56.744,123.687,43.387,35,3.316,1204.257,6.02,0,Boa
623,2026-01-26 22:00:00,Noite,M1,Forn_C,Pote,Baixa atenção,187.587,7.587,6.975,34.777,2.272,43.088,131.761,43.07,0,2.366,1290.731,5.53,0,Boa
624,2026-01-26 23:00:00,Tarde,M2,Forn_B,Ampola,Atenção moderada,179.273,0.727,6.241,26.923,1.668,61.911,118.924,41.241,50,4.002,1108.573,3.416,0,Boa
625,2026-01-27 00:00:00,Noite,M2,Forn_C,Pote,Alta atenção,187.488,7.488,6.314,30.267,3.335,55.982,126.707,41.261,55,6.231,1157.368,6.941,0,Atenção
626,2026-01-27 01:00:00,Tarde,M2,Forn_A,Pote,Atenção moderada,182.236,2.236,5.789,38.543,2.384,56.614,135.076,41.06,83,5.19,1300.497,6.736,0,Boa
627,2026-01-27 02:00:00,Noite,M2,Forn_B,Ampola,Baixa atenção,182.892,2.892,6.425,29.997,2.403,67.249,115.866,37.536,20,2.791,1262.704,5.599,0,Boa
628,2026-01-27 03:00:00,Manhã,M4,Forn_C,Frasco,Baixa atenção,174.654,5.346,5.929,31.236,2.908,51.279,115.669,50.601,14,2.636,1168.741,6.731,0,Boa
629,2026-01-27 04:00:00,Tarde,M2,Forn_D,Pote,Alta atenção,185.456,5.456,5.972,29.176,3.605,48.831,126.053,41.12,89,5.707,1114.803,7.886,0,Atenção
630,2026-01-27 05:00:00,Noite,M2,Forn_C,Frasco,Atenção moderada,178.458,1.542,6.375,33.075,3.562,50.344,128.84,44.388,49,4.206,1248.373,5.198,0,Boa
631,2026-01-27 06:00:00,Noite,M2,Forn_C,Frasco,Atenção moderada,185.047,5.047,5.367,29.644,4.278,53.364,123.162,40.661,2,3.823,1153.757,7.236,0,Atenção
632,2026-01-27 07:00:00,Noite,M1,Forn_C,Frasco,Baixa atenção,174.522,5.478,6.819,31.406,2.354,54.227,118.345,40.581,9,2.968,1316.831,5.714,0,Boa
633,2026-01-27 08:00:00,Manhã,M2,Forn_B,Ampola,Atenção moderada,181.274,1.274,6.182,34.716,3.242,47.939,117.115,40.178,42,4.035,1277.867,4.236,0,Boa
634,2026-01-27 09:00:00,Manhã,M1,Forn_B,Ampola,Atenção moderada,180.936,0.936,6.676,29.764,1.962,37.804,120.612,35.801,55,4.822,1269.516,4.119,0,Boa
635,2026-01-27 10:00:00,Manhã,M3,Forn_C,Ampola,Atenção moderada,180.353,0.353,5.616,34.524,3.182,50.232,127.896,41.358,21,3.249,1342.961,4.462,0,Boa
636,2026-01-27 11:00:00,Manhã,M1,Forn_A,Ampola,Atenção moderada,181.225,1.225,5.685,34.631,2.463,58.059,117.059,40.372,32,3.461,1258.343,5.606,0,Boa
637,2026-01-27 12:00:00,Tarde,M4,Forn_D,Frasco,Alta atenção,180.535,0.535,5.577,35.376,4.102,56.158,128.044,46.686,66,5.724,1283.414,7.814,0,Atenção
638,2026-01-27 13:00:00,Tarde,M2,Forn_D,Pote,Alta atenção,176.73,3.27,6.213,32.45,3.761,65.196,122.805,37.213,87,6.28,1304.329,6.495,0,Boa
639,2026-01-27 14:00:00,Noite,M4,Forn_B,Pote,Alta atenção,190.83,10.83,6.13,42.372,4.444,71.622,128.922,39.691,44,5.539,1449.593,9.621,1,Crítica
640,2026-01-27 15:00:00,Noite,M2,Forn_B,Pote,Atenção moderada,186.069,6.069,5.891,35.375,2.552,61.454,125.198,38.406,37,3.907,1341.756,8.888,1,Crítica
641,2026-01-27 16:00:00,Noite,M1,Forn_B,Frasco,Atenção moderada,174.815,5.185,5.644,33.04,3.449,66.751,127.012,47.77,32,4.53,1172.144,6.461,0,Boa
642,2026-01-27 17:00:00,Noite,M3,Forn_D,Ampola,Baixa atenção,184.326,4.326,5.53,29.197,3.371,61.518,121.085,38.522,12,3.115,1238.605,7.535,0,Atenção
643,2026-01-27 18:00:00,Manhã,M3,Forn_D,Ampola,Atenção moderada,177.115,2.885,6.078,31.689,3.189,69.534,117.27,44.249,4,3.487,1205.161,6.788,0,Boa
644,2026-01-27 19:00:00,Manhã,M3,Forn_A,Frasco,Alta atenção,174.684,5.316,5.89,36.564,2.939,70.732,120.454,45.881,75,5.474,1321.538,8.145,1,Crítica
645,2026-01-27 20:00:00,Tarde,M2,Forn_C,Frasco,Atenção moderada,185.986,5.986,5.791,37.471,2.736,63.085,126.614,41.416,3,3.476,1388.083,7.354,0,Atenção
646,2026-01-27 21:00:00,Noite,M3,Forn_A,Pote,Atenção moderada,171.827,8.173,6.796,36.731,4.533,61.004,121.199,36.493,73,5.132,1390.538,8.323,1,Crítica
647,2026-01-27 22:00:00,Manhã,M4,Forn_C,Frasco,Atenção moderada,187.098,7.098,6.063,34.513,4.0,53.256,131.002,36.543,22,3.652,1335.931,8.117,1,Crítica
648,2026-01-27 23:00:00,Tarde,M3,Forn_B,Frasco,Alta atenção,179.81,0.19,6.672,27.982,3.513,54.649,132.55,45.439,62,5.363,1182.655,6.204,0,Boa
649,2026-01-28 00:00:00,Tarde,M2,Forn_B,Pote,Atenção moderada,179.136,0.864,5.86,33.559,2.93,52.128,130.674,36.958,85,4.168,1331.772,5.697,0,Boa
650,2026-01-28 01:00:00,Manhã,M3,Forn_C,Frasco,Alta atenção,183.454,3.454,6.21,28.028,4.99,60.281,121.4,43.568,67,6.176,1232.168,6.994,0,Atenção
651,2026-01-28 02:00:00,Tarde,M3,Forn_B,Pote,Alta atenção,184.397,4.397,6.075,27.24,4.248,48.877,127.201,42.457,65,5.963,1155.274,9.147,1,Crítica
652,2026-01-28 03:00:00,Noite,M4,Forn_B,Ampola,Atenção moderada,177.455,2.545,5.336,32.765,3.331,53.376,125.909,43.509,23,3.463,1257.857,7.405,0,Atenção
653,2026-01-28 04:00:00,Tarde,M2,Forn_D,Ampola,Atenção moderada,184.247,4.247,6.743,33.674,2.922,34.981,128.699,43.886,53,4.204,1306.704,5.222,0,Boa
654,2026-01-28 05:00:00,Manhã,M2,Forn_E,Pote,Atenção moderada,180.924,0.924,6.039,34.891,2.961,69.646,121.425,38.265,57,4.055,1295.508,5.649,0,Boa
655,2026-01-28 06:00:00,Noite,M3,Forn_A,Pote,Atenção moderada,174.292,5.708,6.436,33.591,3.495,53.126,126.665,38.098,38,4.027,1235.01,6.858,0,Atenção
656,2026-01-28 07:00:00,Manhã,M2,Forn_B,Pote,Baixa atenção,179.366,0.634,5.762,33.701,2.644,58.872,121.642,44.86,3,2.523,1282.086,4.207,0,Boa
657,2026-01-28 08:00:00,Noite,M3,Forn_E,Pote,Alta atenção,188.797,8.797,6.026,28.849,3.685,67.391,124.84,39.483,82,5.38,1192.859,6.666,0,Boa
658,2026-01-28 09:00:00,Manhã,M2,Forn_C,Ampola,Atenção moderada,189.521,9.521,5.71,31.664,4.044,57.552,112.783,30.999,17,3.602,1245.118,7.963,1,Crítica
659,2026-01-28 10:00:00,Tarde,M1,Forn_B,Pote,Atenção moderada,182.945,2.945,6.656,27.177,1.946,67.277,125.796,44.595,87,4.758,1166.442,5.586,0,Boa
660,2026-01-28 11:00:00,Tarde,M3,Forn_C,Pote,Atenção moderada,174.653,5.347,6.24,25.589,2.667,44.445,117.367,37.855,83,5.029,1216.805,5.348,0,Boa
661,2026-01-28 12:00:00,Manhã,M1,Forn_A,Ampola,Atenção moderada,181.698,1.698,6.265,34.37,2.486,75.378,125.851,43.869,1,3.441,1204.046,5.558,0,Boa
662,2026-01-28 13:00:00,Noite,M1,Forn_A,Ampola,Atenção moderada,183.68,3.68,6.711,29.59,2.516,64.24,125.726,47.571,66,4.386,1216.983,7.061,0,Atenção
663,2026-01-28 14:00:00,Manhã,M3,Forn_D,Ampola,Alta atenção,185.191,5.191,6.62,34.792,6.33,56.778,128.837,42.067,57,7.655,1180.719,13.411,1,Crítica
664,2026-01-28 15:00:00,Manhã,M3,Forn_C,Frasco,Atenção moderada,185.517,5.517,6.444,35.547,4.051,67.113,126.259,45.983,20,3.769,1268.921,7.824,0,Atenção
665,2026-01-28 16:00:00,Manhã,M4,Forn_D,Pote,Alta atenção,183.998,3.998,5.46,30.018,4.414,45.067,128.858,42.615,73,5.552,1288.767,6.24,0,Boa
666,2026-01-28 17:00:00,Tarde,M1,Forn_B,Frasco,Baixa atenção,178.602,1.398,5.787,33.889,2.628,52.547,121.291,48.35,10,2.179,1229.304,6.025,0,Boa
667,2026-01-28 18:00:00,Noite,M1,Forn_E,Pote,Baixa atenção,175.654,4.346,5.648,29.884,2.614,67.276,109.998,37.752,22,2.591,1234.331,6.531,0,Boa
668,2026-01-28 19:00:00,Noite,M4,Forn_C,Ampola,Atenção moderada,171.561,8.439,6.427,26.093,2.856,39.13,121.73,41.967,85,4.778,1173.187,7.781,0,Atenção
669,2026-01-28 20:00:00,Manhã,M1,Forn_D,Frasco,Atenção moderada,180.868,0.868,6.177,32.395,3.308,59.764,122.169,44.693,66,5.082,1160.052,8.521,1,Crítica
670,2026-01-28 21:00:00,Tarde,M1,Forn_A,Frasco,Atenção moderada,180.023,0.023,5.474,30.493,3.119,59.523,114.995,41.238,10,3.7,1225.311,4.589,0,Boa
671,2026-01-28 22:00:00,Manhã,M1,Forn_A,Ampola,Baixa atenção,182.067,2.067,6.015,30.592,3.636,71.738,116.994,46.609,12,2.756,1197.192,3.098,0,Boa
672,2026-01-28 23:00:00,Tarde,M2,Forn_D,Ampola,Atenção moderada,172.944,7.056,5.428,38.321,2.963,41.545,123.776,40.272,23,3.273,1452.089,6.069,0,Boa
673,2026-01-29 00:00:00,Noite,M4,Forn_E,Pote,Baixa atenção,185.548,5.548,6.076,27.117,3.708,68.682,121.421,50.277,6,2.804,1055.976,7.952,1,Crítica
674,2026-01-29 01:00:00,Tarde,M3,Forn_E,Ampola,Atenção moderada,192.5,12.5,5.355,33.225,3.511,50.244,118.136,50.489,16,3.492,1203.196,8.724,1,Crítica
675,2026-01-29 02:00:00,Tarde,M3,Forn_B,Frasco,Alta atenção,181.631,1.631,6.338,28.817,3.98,51.2,122.405,43.128,51,5.403,1139.718,5.483,0,Boa
676,2026-01-29 03:00:00,Tarde,M1,Forn_A,Frasco,Baixa atenção,178.661,1.339,6.27,34.906,1.844,44.613,126.243,44.21,0,2.013,1238.61,2.697,0,Boa
677,2026-01-29 04:00:00,Noite,M2,Forn_E,Ampola,Atenção moderada,182.0,2.0,6.959,32.955,3.578,45.753,122.888,46.767,25,3.897,1286.706,5.551,0,Boa
678,2026-01-29 05:00:00,Tarde,M2,Forn_D,Pote,Atenção moderada,191.478,11.478,6.482,33.214,3.087,58.43,123.767,37.251,28,4.393,1294.168,7.688,0,Atenção
679,2026-01-29 06:00:00,Manhã,M1,Forn_B,Ampola,Atenção moderada,173.37,6.63,5.91,28.976,2.112,45.545,124.618,36.752,87,5.178,1194.438,6.923,0,Atenção
680,2026-01-29 07:00:00,Manhã,M1,Forn_D,Pote,Atenção moderada,180.118,0.118,6.468,29.55,1.445,61.292,127.101,47.026,87,4.263,1149.958,4.573,0,Boa
681,2026-01-29 08:00:00,Manhã,M1,Forn_E,Pote,Atenção moderada,174.602,5.398,5.471,34.967,2.711,49.365,129.862,43.096,76,5.043,1267.037,6.18,0,Boa
682,2026-01-29 09:00:00,Manhã,M1,Forn_B,Pote,Atenção moderada,175.991,4.009,5.667,37.667,3.741,44.689,111.505,41.094,30,3.785,1330.66,6.236,0,Boa
683,2026-01-29 10:00:00,Manhã,M2,Forn_D,Ampola,Atenção moderada,180.027,0.027,6.25,33.537,4.189,50.514,133.146,42.044,47,5.103,1215.521,6.875,0,Atenção
684,2026-01-29 11:00:00,Tarde,M3,Forn_D,Pote,Atenção moderada,188.61,8.61,5.129,29.128,3.631,57.862,123.694,32.456,45,4.779,1234.159,9.022,1,Crítica
685,2026-01-29 12:00:00,Tarde,M1,Forn_C,Pote,Atenção moderada,188.905,8.905,6.083,33.085,4.075,52.642,137.74,41.238,77,5.136,1252.551,9.142,1,Crítica
686,2026-01-29 13:00:00,Manhã,M2,Forn_D,Pote,Atenção moderada,182.765,2.765,5.641,39.768,3.072,55.291,124.319,38.988,67,4.978,1367.289,7.12,0,Atenção
687,2026-01-29 14:00:00,Tarde,M3,Forn_B,Frasco,Alta atenção,179.129,0.871,6.146,32.328,4.02,60.918,119.104,45.672,81,5.788,1237.679,6.759,0,Boa
688,2026-01-29 15:00:00,Noite,M3,Forn_E,Ampola,Atenção moderada,194.91,14.91,5.615,36.678,3.107,64.201,130.503,45.98,49,4.624,1318.106,8.269,1,Crítica
689,2026-01-29 16:00:00,Noite,M3,Forn_E,Pote,Alta atenção,178.848,1.152,6.291,29.631,3.066,52.364,123.742,44.307,82,5.72,1164.621,5.286,0,Boa
690,2026-01-29 17:00:00,Tarde,M2,Forn_E,Pote,Atenção moderada,177.159,2.841,6.109,31.865,2.66,46.124,126.941,43.582,66,4.858,1227.39,5.518,0,Boa
691,2026-01-29 18:00:00,Manhã,M3,Forn_D,Ampola,Atenção moderada,171.438,8.562,6.73,33.983,2.061,55.647,124.918,36.011,66,4.177,1410.767,9.313,1,Crítica
692,2026-01-29 19:00:00,Noite,M1,Forn_A,Pote,Alta atenção,186.679,6.679,6.103,33.271,3.637,59.001,127.473,44.363,59,5.39,1350.311,6.346,0,Boa
693,2026-01-29 20:00:00,Manhã,M2,Forn_B,Ampola,Baixa atenção,185.625,5.625,5.754,29.548,2.683,42.584,120.717,44.518,30,3.183,1139.575,5.772,0,Boa
694,2026-01-29 21:00:00,Manhã,M1,Forn_C,Ampola,Atenção moderada,192.298,12.298,5.989,29.41,2.279,47.43,126.811,46.981,54,3.479,1129.827,7.929,1,Crítica
695,2026-01-29 22:00:00,Noite,M2,Forn_E,Frasco,Baixa atenção,172.658,7.342,5.495,35.163,2.333,48.887,120.938,50.473,32,2.005,1207.651,6.081,0,Boa
696,2026-01-29 23:00:00,Tarde,M2,Forn_C,Pote,Atenção moderada,188.32,8.32,6.283,35.813,2.967,53.234,123.26,35.23,58,4.54,1398.437,9.029,1,Crítica
697,2026-01-30 00:00:00,Noite,M1,Forn_C,Ampola,Atenção moderada,179.386,0.614,6.365,36.839,3.946,48.531,128.446,40.446,22,3.661,1322.712,5.83,0,Boa
698,2026-01-30 01:00:00,Tarde,M3,Forn_A,Pote,Alta atenção,185.634,5.634,7.211,37.773,4.761,61.01,135.128,39.031,71,6.128,1376.022,8.219,1,Crítica
699,2026-01-30 02:00:00,Tarde,M1,Forn_D,Frasco,Baixa atenção,169.937,10.063,5.82,32.431,1.72,41.356,123.691,42.69,51,2.789,1338.822,7.827,0,Atenção
700,2026-01-30 03:00:00,Manhã,M1,Forn_B,Frasco,Atenção moderada,187.074,7.074,5.979,31.004,2.57,41.572,123.08,42.054,63,4.212,1226.309,8.642,1,Crítica
701,2026-01-30 04:00:00,Manhã,M1,Forn_A,Ampola,Baixa atenção,183.326,3.326,5.841,36.323,2.128,52.162,113.97,41.064,19,3.152,1359.748,6.554,0,Boa
702,2026-01-30 05:00:00,Manhã,M2,Forn_E,Ampola,Atenção moderada,180.086,0.086,6.195,34.282,3.742,53.507,126.18,46.11,71,4.925,1286.884,5.724,0,Boa
703,2026-01-30 06:00:00,Manhã,M1,Forn_A,Pote,Atenção moderada,182.548,2.548,6.272,28.856,2.986,42.636,118.598,37.594,72,5.187,1186.172,5.882,0,Boa
704,2026-01-30 07:00:00,Noite,M2,Forn_A,Frasco,Baixa atenção,176.09,3.91,6.076,28.692,2.686,49.843,115.867,37.836,13,2.817,1256.03,5.709,0,Boa
705,2026-01-30 08:00:00,Manhã,M1,Forn_A,Ampola,Atenção moderada,175.813,4.187,6.589,33.574,2.847,51.591,117.493,37.903,31,3.681,1257.632,6.019,0,Boa
706,2026-01-30 09:00:00,Tarde,M3,Forn_C,Pote,Atenção moderada,178.651,1.349,5.822,31.433,3.09,51.657,123.118,40.559,60,4.967,1303.011,5.422,0,Boa
707,2026-01-30 10:00:00,Noite,M4,Forn_A,Ampola,Alta atenção,171.81,8.19,6.544,31.915,4.849,56.291,119.206,37.086,78,6.636,1244.071,9.847,1,Crítica
708,2026-01-30 11:00:00,Noite,M2,Forn_E,Ampola,Atenção moderada,185.04,5.04,6.342,35.432,3.456,49.377,121.521,41.806,66,5.122,1286.338,7.073,0,Atenção
709,2026-01-30 12:00:00,Tarde,M3,Forn_C,Frasco,Atenção moderada,187.754,7.754,6.095,34.429,3.835,67.562,130.99,41.338,42,4.203,1243.379,8.391,1,Crítica
710,2026-01-30 13:00:00,Tarde,M4,Forn_B,Ampola,Baixa atenção,178.143,1.857,5.958,36.256,2.067,59.15,116.956,38.854,26,2.91,1297.312,3.698,0,Boa
711,2026-01-30 14:00:00,Noite,M4,Forn_A,Ampola,Alta atenção,183.915,3.915,7.192,25.819,3.757,48.14,124.903,45.495,81,5.983,1095.316,6.823,0,Atenção
712,2026-01-30 15:00:00,Tarde,M3,Forn_C,Ampola,Alta atenção,179.74,0.26,5.732,32.811,4.754,55.803,130.173,41.762,78,5.695,1151.494,5.171,0,Boa
713,2026-01-30 16:00:00,Noite,M4,Forn_A,Pote,Alta atenção,183.806,3.806,6.234,34.223,4.662,56.054,133.81,46.251,80,6.084,1251.136,7.23,0,Atenção
714,2026-01-30 17:00:00,Noite,M4,Forn_E,Pote,Atenção moderada,178.548,1.452,5.762,27.115,2.599,65.325,121.692,41.22,27,3.266,1138.501,5.087,0,Boa
715,2026-01-30 18:00:00,Noite,M3,Forn_B,Pote,Atenção moderada,176.341,3.659,6.904,29.904,3.196,49.897,122.194,41.903,39,4.081,1243.361,6.919,0,Atenção
716,2026-01-30 19:00:00,Manhã,M2,Forn_C,Frasco,Baixa atenção,186.086,6.086,6.499,29.31,2.319,61.522,122.401,39.749,21,2.651,1228.003,8.547,1,Crítica
717,2026-01-30 20:00:00,Tarde,M1,Forn_A,Ampola,Atenção moderada,178.649,1.351,5.795,32.069,3.912,55.356,130.398,41.972,85,5.068,1214.561,6.847,0,Atenção
718,2026-01-30 21:00:00,Manhã,M1,Forn_A,Ampola,Alta atenção,190.122,10.122,6.331,37.209,2.959,67.678,132.706,44.849,78,5.402,1302.461,9.514,1,Crítica
719,2026-01-30 22:00:00,Tarde,M2,Forn_B,Pote,Atenção moderada,180.555,0.555,6.216,38.472,2.601,65.973,116.299,40.355,15,3.514,1359.993,6.289,0,Boa
720,2026-01-30 23:00:00,Noite,M2,Forn_A,Pote,Baixa atenção,175.207,4.793,5.868,29.394,3.122,56.674,116.361,44.074,22,2.771,1253.56,7.652,0,Atenção
721,2026-01-31 00:00:00,Tarde,M2,Forn_D,Ampola,Atenção moderada,187.048,7.048,6.441,33.685,1.405,52.771,126.118,38.749,49,3.609,1256.206,8.101,1,Crítica
722,2026-01-31 01:00:00,Tarde,M2,Forn_E,Pote,Atenção moderada,183.769,3.769,6.275,33.788,2.395,59.306,122.671,45.036,37,4.115,1228.098,5.324,0,Boa
723,2026-01-31 02:00:00,Manhã,M2,Forn_E,Pote,Atenção moderada,184.298,4.298,6.197,33.24,3.124,53.466,131.272,39.68,41,4.416,1229.299,5.856,0,Boa
724,2026-01-31 03:00:00,Noite,M3,Forn_B,Frasco,Atenção moderada,187.748,7.748,6.081,33.277,3.95,69.283,125.976,45.407,33,4.175,1182.552,9.098,1,Crítica
725,2026-01-31 04:00:00,Manhã,M1,Forn_D,Pote,Atenção moderada,175.41,4.59,6.294,32.972,1.538,55.667,121.555,42.244,60,3.421,1274.969,5.951,0,Boa
726,2026-01-31 05:00:00,Manhã,M1,Forn_C,Pote,Atenção moderada,178.3,1.7,6.203,37.4,2.552,51.552,134.071,48.084,80,5.04,1317.874,6.228,0,Boa
727,2026-01-31 06:00:00,Manhã,M3,Forn_A,Ampola,Alta atenção,180.257,0.257,6.127,35.528,4.056,51.093,125.592,37.384,82,6.002,1391.616,5.854,0,Boa
728,2026-01-31 07:00:00,Manhã,M3,Forn_A,Frasco,Atenção moderada,174.101,5.899,5.812,28.608,2.457,44.689,117.952,36.095,40,3.794,1263.274,5.458,0,Boa
729,2026-01-31 08:00:00,Tarde,M4,Forn_C,Pote,Alta atenção,180.55,0.55,6.862,34.546,3.949,59.731,129.877,39.535,74,5.511,1412.261,8.64,1,Crítica
730,2026-01-31 09:00:00,Tarde,M4,Forn_C,Frasco,Atenção moderada,189.35,9.35,5.627,34.856,3.843,48.03,118.567,36.462,62,4.686,1323.538,7.504,0,Atenção
731,2026-01-31 10:00:00,Manhã,M4,Forn_A,Frasco,Atenção moderada,183.305,3.305,6.292,33.008,4.914,64.334,121.591,36.469,17,4.603,1281.838,8.38,1,Crítica
732,2026-01-31 11:00:00,Manhã,M1,Forn_E,Ampola,Atenção moderada,171.597,8.403,5.956,35.621,2.65,44.01,129.143,44.486,71,5.0,1237.986,7.552,0,Atenção
733,2026-01-31 12:00:00,Manhã,M2,Forn_D,Ampola,Atenção moderada,171.743,8.257,6.892,32.602,2.988,56.082,121.246,41.983,31,3.864,1287.271,6.036,0,Boa
734,2026-01-31 13:00:00,Tarde,M1,Forn_C,Ampola,Atenção moderada,188.156,8.156,5.693,32.641,3.356,64.777,131.832,40.081,56,4.776,1272.434,7.281,0,Atenção
735,2026-01-31 14:00:00,Manhã,M3,Forn_E,Ampola,Alta atenção,180.703,0.703,5.769,32.388,2.538,36.706,117.538,40.452,64,5.271,1289.804,4.255,0,Boa
736,2026-01-31 15:00:00,Tarde,M4,Forn_E,Pote,Alta atenção,178.439,1.561,5.664,25.542,3.656,72.155,113.038,39.611,84,5.45,1090.628,7.564,0,Atenção
737,2026-01-31 16:00:00,Manhã,M2,Forn_E,Ampola,Alta atenção,178.793,1.207,6.246,31.743,2.804,51.385,131.303,48.601,85,5.869,1219.883,5.199,0,Boa
738,2026-01-31 17:00:00,Manhã,M2,Forn_B,Pote,Atenção moderada,172.175,7.825,5.482,29.862,3.01,56.199,123.962,39.058,72,4.685,1231.924,7.783,0,Atenção
739,2026-01-31 18:00:00,Tarde,M1,Forn_E,Pote,Atenção moderada,186.827,6.827,5.885,28.203,3.351,59.857,120.817,36.711,45,4.892,1212.004,6.155,0,Boa
740,2026-01-31 19:00:00,Tarde,M1,Forn_C,Pote,Atenção moderada,176.838,3.162,5.131,36.589,3.16,61.172,128.242,45.184,36,4.573,1279.339,9.594,1,Crítica
741,2026-01-31 20:00:00,Manhã,M1,Forn_D,Pote,Atenção moderada,186.521,6.521,6.208,33.613,2.313,57.328,126.853,41.137,39,3.51,1332.309,7.114,0,Atenção
742,2026-01-31 21:00:00,Manhã,M1,Forn_E,Pote,Alta atenção,179.284,0.716,5.875,31.905,2.889,63.478,125.294,50.155,85,6.086,1290.693,6.608,0,Boa
743,2026-01-31 22:00:00,Noite,M4,Forn_A,Ampola,Atenção moderada,189.862,9.862,5.43,30.193,4.769,59.412,120.688,39.895,18,4.574,1174.078,8.538,1,Crítica
744,2026-01-31 23:00:00,Manhã,M2,Forn_C,Frasco,Atenção moderada,181.712,1.712,6.589,32.948,2.56,69.967,124.735,45.384,47,3.623,1275.868,5.275,0,Boa
745,2026-02-01 00:00:00,Tarde,M3,Forn_A,Pote,Atenção moderada,185.893,5.893,5.512,35.173,3.494,59.44,132.362,46.329,61,4.784,1148.795,9.511,1,Crítica
746,2026-02-01 01:00:00,Tarde,M3,Forn_B,Ampola,Atenção moderada,185.155,5.155,6.459,29.354,3.274,71.699,115.445,39.915,2,3.571,1238.924,5.046,0,Boa
747,2026-02-01 02:00:00,Manhã,M1,Forn_C,Ampola,Atenção moderada,182.428,2.428,5.785,31.985,2.759,62.659,122.604,39.028,57,4.843,1176.909,6.527,0,Boa
748,2026-02-01 03:00:00,Tarde,M1,Forn_E,Pote,Baixa atenção,180.914,0.914,6.821,34.778,1.74,39.651,121.174,44.965,23,2.371,1255.067,3.002,0,Boa
749,2026-02-01 04:00:00,Noite,M3,Forn_E,Pote,Atenção moderada,179.919,0.081,6.437,25.805,4.317,77.194,122.459,44.3,25,4.262,1061.753,6.475,0,Boa
750,2026-02-01 05:00:00,Noite,M1,Forn_B,Pote,Atenção moderada,189.535,9.535,5.646,31.816,2.297,50.118,122.706,36.358,55,4.205,1263.015,6.876,0,Atenção
751,2026-02-01 06:00:00,Manhã,M4,Forn_B,Pote,Atenção moderada,177.012,2.988,5.687,30.626,4.467,67.712,116.163,37.486,0,3.428,1282.844,6.616,0,Boa
752,2026-02-01 07:00:00,Manhã,M1,Forn_C,Pote,Atenção moderada,179.024,0.976,6.372,31.572,2.396,55.228,124.188,31.854,14,3.999,1209.514,5.64,0,Boa
753,2026-02-01 08:00:00,Manhã,M3,Forn_E,Pote,Atenção moderada,181.282,1.282,5.982,30.395,2.993,64.019,120.641,44.382,40,4.152,1186.831,3.296,0,Boa
754,2026-02-01 09:00:00,Tarde,M3,Forn_E,Ampola,Atenção moderada,183.413,3.413,6.024,32.44,4.189,49.148,123.635,40.953,52,5.036,1235.586,6.628,0,Boa
755,2026-02-01 10:00:00,Tarde,M1,Forn_B,Pote,Atenção moderada,176.638,3.362,6.673,38.156,3.446,60.319,117.502,41.351,9,3.901,1430.515,6.787,0,Boa
756,2026-02-01 11:00:00,Manhã,M1,Forn_A,Pote,Atenção moderada,180.731,0.731,5.763,30.963,2.936,52.848,115.866,35.234,32,3.61,1282.983,3.993,0,Boa
757,2026-02-01 12:00:00,Manhã,M4,Forn_D,Pote,Atenção moderada,181.071,1.071,6.141,32.933,4.295,68.422,125.51,37.608,27,4.825,1232.986,9.103,1,Crítica
758,2026-02-01 13:00:00,Noite,M1,Forn_B,Ampola,Atenção moderada,170.299,9.701,6.53,38.383,2.612,58.729,123.48,40.088,48,3.326,1349.204,6.821,0,Boa
759,2026-02-01 14:00:00,Manhã,M2,Forn_A,Pote,Atenção moderada,180.353,0.353,6.464,30.24,3.095,62.956,122.566,39.311,27,3.508,1298.135,5.311,0,Boa
760,2026-02-01 15:00:00,Tarde,M2,Forn_A,Ampola,Baixa atenção,174.247,5.753,6.028,37.807,2.67,36.605,125.506,42.471,0,3.141,1379.079,5.15,0,Boa
761,2026-02-01 16:00:00,Tarde,M1,Forn_C,Pote,Atenção moderada,169.461,10.539,5.97,32.017,3.388,54.273,132.776,44.334,47,5.18,1191.15,8.794,1,Crítica
762,2026-02-01 17:00:00,Manhã,M3,Forn_B,Pote,Atenção moderada,181.953,1.953,5.318,37.702,2.949,58.49,127.065,51.078,76,4.754,1285.688,7.841,0,Atenção
763,2026-02-01 18:00:00,Manhã,M3,Forn_C,Frasco,Atenção moderada,183.883,3.883,5.625,34.401,4.365,56.901,118.619,41.92,52,4.761,1278.072,10.437,1,Crítica
764,2026-02-01 19:00:00,Manhã,M2,Forn_B,Pote,Atenção moderada,183.197,3.197,6.243,32.983,2.895,63.17,120.538,46.462,32,4.007,1213.941,7.295,0,Atenção
765,2026-02-01 20:00:00,Noite,M3,Forn_D,Pote,Atenção moderada,184.319,4.319,6.038,31.79,3.413,51.89,119.123,38.68,43,4.087,1182.52,8.418,1,Crítica
766,2026-02-01 21:00:00,Manhã,M1,Forn_D,Pote,Atenção moderada,168.371,11.629,6.134,30.003,3.293,55.415,111.097,35.3,12,3.25,1215.411,10.748,1,Crítica
767,2026-02-01 22:00:00,Manhã,M1,Forn_C,Frasco,Atenção moderada,171.514,8.486,6.568,32.243,2.816,65.04,120.488,40.591,21,3.773,1319.63,8.034,1,Crítica
768,2026-02-01 23:00:00,Manhã,M2,Forn_A,Ampola,Atenção moderada,191.154,11.154,5.566,34.872,2.906,35.631,129.167,35.609,39,3.724,1314.686,9.127,1,Crítica
769,2026-02-02 00:00:00,Manhã,M4,Forn_C,Ampola,Atenção moderada,176.24,3.76,5.994,31.958,3.78,60.009,128.688,42.059,53,3.985,1239.276,7.912,0,Atenção
770,2026-02-02 01:00:00,Tarde,M1,Forn_D,Frasco,Atenção moderada,182.36,2.36,6.185,30.987,3.381,52.162,123.237,38.878,43,3.764,1250.256,6.717,0,Boa
771,2026-02-02 02:00:00,Manhã,M1,Forn_B,Pote,Atenção moderada,175.222,4.778,5.783,31.197,2.369,47.245,130.024,34.183,86,5.088,1373.365,6.821,0,Boa
772,2026-02-02 03:00:00,Tarde,M2,Forn_B,Frasco,Atenção moderada,180.738,0.738,6.744,35.176,3.018,57.861,124.682,48.944,57,3.731,1264.373,3.783,0,Boa
773,2026-02-02 04:00:00,Tarde,M3,Forn_C,Pote,Baixa atenção,177.717,2.283,6.509,35.921,3.407,65.433,114.223,39.85,2,3.0,1376.623,6.988,0,Atenção
774,2026-02-02 05:00:00,Noite,M1,Forn_B,Ampola,Atenção moderada,182.088,2.088,6.231,29.865,3.362,63.833,123.993,35.45,47,3.833,1215.682,4.634,0,Boa
775,2026-02-02 06:00:00,Manhã,M2,Forn_C,Ampola,Atenção moderada,181.052,1.052,6.907,29.861,3.035,53.852,116.723,45.593,52,5.167,1175.057,4.238,0,Boa
776,2026-02-02 07:00:00,Noite,M3,Forn_B,Pote,Atenção moderada,178.734,1.266,5.425,33.214,4.575,62.444,119.906,39.086,3,4.781,1283.445,7.709,0,Atenção
777,2026-02-02 08:00:00,Tarde,M2,Forn_B,Frasco,Atenção moderada,174.524,5.476,6.097,36.888,2.998,62.379,126.76,46.361,34,3.393,1274.166,5.724,0,Boa
778,2026-02-02 09:00:00,Manhã,M1,Forn_D,Pote,Atenção moderada,180.473,0.473,6.265,35.667,2.646,54.257,125.053,39.066,78,5.111,1317.976,5.96,0,Boa
779,2026-02-02 10:00:00,Noite,M1,Forn_C,Frasco,Atenção moderada,172.33,7.67,5.688,27.994,2.689,49.109,115.878,39.836,32,3.207,1224.755,7.316,0,Atenção
780,2026-02-02 11:00:00,Noite,M2,Forn_C,Pote,Atenção moderada,182.651,2.651,6.235,31.155,2.244,49.601,116.945,43.379,41,3.525,1186.187,5.928,0,Boa
781,2026-02-02 12:00:00,Manhã,M2,Forn_D,Ampola,Atenção moderada,194.746,14.746,5.602,29.022,2.426,62.122,124.571,44.373,19,3.916,1178.35,8.177,1,Crítica
782,2026-02-02 13:00:00,Noite,M4,Forn_B,Frasco,Baixa atenção,189.426,9.426,6.411,31.144,3.455,54.642,127.899,45.074,6,3.07,1244.578,8.963,1,Crítica
783,2026-02-02 14:00:00,Tarde,M3,Forn_A,Pote,Atenção moderada,185.151,5.151,6.576,37.134,4.138,46.107,126.541,41.641,28,4.187,1302.287,7.224,0,Atenção
784,2026-02-02 15:00:00,Tarde,M3,Forn_E,Frasco,Atenção moderada,180.729,0.729,6.223,27.448,3.378,40.679,118.59,44.114,69,4.704,1200.722,6.113,0,Boa
785,2026-02-02 16:00:00,Noite,M4,Forn_A,Ampola,Alta atenção,171.337,8.663,5.266,26.82,3.485,62.071,117.634,44.983,88,6.273,1138.629,6.999,0,Atenção
786,2026-02-02 17:00:00,Manhã,M2,Forn_C,Ampola,Atenção moderada,173.027,6.973,5.665,29.349,3.897,50.352,115.765,42.802,59,3.645,1185.432,7.629,0,Atenção
787,2026-02-02 18:00:00,Noite,M2,Forn_B,Pote,Alta atenção,187.355,7.355,6.354,32.919,4.108,57.808,128.719,41.429,74,5.48,1174.321,9.716,1,Crítica
788,2026-02-02 19:00:00,Manhã,M4,Forn_B,Ampola,Alta atenção,177.656,2.344,6.11,33.986,4.616,65.538,125.252,36.219,58,5.458,1295.739,8.531,1,Crítica
789,2026-02-02 20:00:00,Noite,M1,Forn_A,Ampola,Atenção moderada,175.154,4.846,4.888,33.4,2.245,43.874,119.369,44.397,59,3.908,1273.737,4.99,0,Boa
790,2026-02-02 21:00:00,Tarde,M3,Forn_E,Ampola,Atenção moderada,180.289,0.289,6.659,35.762,3.078,54.616,115.424,42.169,38,4.422,1390.332,4.806,0,Boa
791,2026-02-02 22:00:00,Manhã,M3,Forn_C,Pote,Atenção moderada,175.359,4.641,6.161,26.358,4.579,53.549,120.726,40.346,5,4.409,1178.101,7.088,0,Atenção
792,2026-02-02 23:00:00,Tarde,M1,Forn_B,Pote,Atenção moderada,172.253,7.747,5.731,35.803,2.957,58.228,119.405,47.111,36,3.271,1336.017,6.853,0,Atenção
793,2026-02-03 00:00:00,Manhã,M2,Forn_D,Frasco,Alta atenção,180.022,0.022,6.548,31.001,2.926,65.533,126.837,36.289,77,6.061,1204.026,4.793,0,Boa
794,2026-02-03 01:00:00,Manhã,M1,Forn_A,Pote,Atenção moderada,174.097,5.903,5.795,34.341,3.267,43.7,121.109,48.576,48,3.796,1245.258,6.662,0,Boa
795,2026-02-03 02:00:00,Manhã,M1,Forn_C,Ampola,Alta atenção,174.924,5.076,5.79,27.765,3.455,59.843,117.942,41.911,68,5.72,1224.194,8.15,1,Crítica
796,2026-02-03 03:00:00,Manhã,M2,Forn_C,Frasco,Baixa atenção,176.003,3.997,6.261,32.016,2.729,63.768,120.881,43.27,4,2.888,1198.352,5.599,0,Boa
797,2026-02-03 04:00:00,Manhã,M1,Forn_C,Pote,Baixa atenção,181.873,1.873,6.901,32.756,2.943,53.416,131.802,40.42,18,3.132,1310.735,5.954,0,Boa
798,2026-02-03 05:00:00,Manhã,M3,Forn_A,Pote,Atenção moderada,179.923,0.077,6.831,35.698,4.002,53.832,125.479,35.332,26,3.997,1381.246,5.828,0,Boa
799,2026-02-03 06:00:00,Noite,M4,Forn_E,Ampola,Atenção moderada,181.018,1.018,6.262,26.927,3.046,58.557,120.199,41.442,32,3.82,1169.123,6.621,0,Boa
800,2026-02-03 07:00:00,Tarde,M3,Forn_B,Pote,Alta atenção,184.483,4.483,6.308,32.098,3.408,57.931,128.826,43.339,88,5.808,1224.615,6.754,0,Boa
801,2026-02-03 08:00:00,Noite,M1,Forn_D,Ampola,Baixa atenção,178.219,1.781,6.456,28.527,2.076,59.95,111.928,44.705,41,3.158,1123.23,4.77,0,Boa
802,2026-02-03 09:00:00,Manhã,M1,Forn_D,Ampola,Atenção moderada,177.47,2.53,5.534,33.618,2.161,59.771,117.643,41.208,59,4.053,1358.365,4.995,0,Boa
803,2026-02-03 10:00:00,Noite,M1,Forn_B,Ampola,Atenção moderada,181.587,1.587,6.39,34.487,2.434,46.653,109.659,33.23,58,3.932,1366.437,3.974,0,Boa
804,2026-02-03 11:00:00,Tarde,M1,Forn_A,Pote,Atenção moderada,182.675,2.675,5.77,36.119,3.11,63.417,129.896,35.833,37,3.474,1368.385,6.754,0,Boa
805,2026-02-03 12:00:00,Manhã,M4,Forn_B,Ampola,Alta atenção,181.191,1.191,6.243,30.288,3.591,64.918,134.131,50.208,86,5.387,1150.46,6.322,0,Boa
806,2026-02-03 13:00:00,Manhã,M2,Forn_E,Ampola,Baixa atenção,180.743,0.743,5.998,34.967,2.679,56.582,122.23,37.63,20,2.756,1324.148,5.031,0,Boa
807,2026-02-03 14:00:00,Tarde,M1,Forn_E,Pote,Baixa atenção,174.7,5.3,6.326,36.355,2.834,42.3,123.937,47.708,3,2.659,1299.405,7.59,0,Atenção
808,2026-02-03 15:00:00,Manhã,M3,Forn_E,Ampola,Atenção moderada,176.466,3.534,6.153,26.742,2.654,54.025,112.365,38.264,67,4.865,1188.893,7.344,0,Atenção
809,2026-02-03 16:00:00,Tarde,M2,Forn_B,Frasco,Atenção moderada,184.53,4.53,4.717,33.96,3.379,56.652,124.757,41.27,58,4.853,1317.33,5.723,0,Boa
810,2026-02-03 17:00:00,Noite,M1,Forn_D,Ampola,Atenção moderada,181.447,1.447,6.181,35.067,3.535,45.271,134.667,44.501,23,4.723,1251.244,7.008,0,Atenção
811,2026-02-03 18:00:00,Manhã,M1,Forn_A,Ampola,Atenção moderada,181.504,1.504,6.389,31.172,2.749,51.939,121.956,38.719,78,4.057,1182.145,5.426,0,Boa
812,2026-02-03 19:00:00,Manhã,M3,Forn_D,Pote,Atenção moderada,182.745,2.745,6.301,28.126,3.268,43.02,120.094,48.369,14,3.629,1144.023,6.06,0,Boa
813,2026-02-03 20:00:00,Noite,M3,Forn_C,Pote,Atenção moderada,181.454,1.454,6.054,35.017,5.703,60.162,116.354,42.303,22,5.612,1219.023,10.695,1,Crítica
814,2026-02-03 21:00:00,Tarde,M1,Forn_D,Pote,Baixa atenção,182.83,2.83,6.839,28.162,1.481,56.411,125.756,43.843,13,2.772,1151.205,3.57,0,Boa
815,2026-02-03 22:00:00,Manhã,M4,Forn_D,Pote,Atenção moderada,187.143,7.143,6.24,31.429,4.149,41.011,123.494,40.93,16,4.284,1217.701,9.882,1,Crítica
816,2026-02-03 23:00:00,Noite,M4,Forn_E,Frasco,Alta atenção,187.012,7.012,6.297,31.872,7.661,57.987,120.987,44.635,65,8.027,1250.326,13.994,1,Crítica
817,2026-02-04 00:00:00,Noite,M3,Forn_C,Pote,Atenção moderada,180.646,0.646,6.57,34.29,3.32,54.52,123.7,48.315,63,4.994,1340.698,5.424,0,Boa
818,2026-02-04 01:00:00,Tarde,M1,Forn_B,Frasco,Atenção moderada,186.628,6.628,6.263,29.995,2.723,59.39,117.021,41.475,57,4.073,1124.288,6.423,0,Boa
819,2026-02-04 02:00:00,Tarde,M1,Forn_C,Pote,Alta atenção,180.257,0.257,5.696,29.809,3.283,51.672,126.147,48.919,77,5.592,1269.853,4.532,0,Boa
820,2026-02-04 03:00:00,Manhã,M4,Forn_A,Pote,Atenção moderada,185.478,5.478,5.003,32.317,4.869,48.187,122.46,39.554,6,3.213,1253.664,7.773,0,Atenção
821,2026-02-04 04:00:00,Manhã,M1,Forn_A,Pote,Atenção moderada,180.551,0.551,5.885,35.22,3.434,48.448,125.089,45.056,55,5.088,1301.809,5.344,0,Boa
822,2026-02-04 05:00:00,Tarde,M3,Forn_C,Pote,Baixa atenção,182.559,2.559,6.442,39.32,1.999,50.426,128.5,43.956,10,2.589,1302.329,4.009,0,Boa
823,2026-02-04 06:00:00,Manhã,M3,Forn_E,Frasco,Alta atenção,177.153,2.847,5.941,27.176,3.766,55.16,121.259,37.726,86,5.632,1226.537,7.683,0,Atenção
824,2026-02-04 07:00:00,Tarde,M1,Forn_C,Frasco,Alta atenção,182.857,2.857,6.461,33.009,4.472,56.258,130.993,42.855,57,5.265,1260.326,8.98,1,Crítica
825,2026-02-04 08:00:00,Noite,M3,Forn_D,Frasco,Alta atenção,196.849,16.849,6.167,28.523,3.805,53.379,124.774,42.029,68,5.261,1179.487,10.725,1,Crítica
826,2026-02-04 09:00:00,Manhã,M4,Forn_A,Pote,Atenção moderada,179.939,0.061,6.68,35.26,3.05,51.402,138.516,38.587,51,4.991,1235.271,5.164,0,Boa
827,2026-02-04 10:00:00,Tarde,M3,Forn_C,Frasco,Alta atenção,181.59,1.59,5.967,28.997,3.583,52.013,122.22,43.432,34,5.646,1186.385,7.124,0,Atenção
828,2026-02-04 11:00:00,Manhã,M2,Forn_D,Pote,Atenção moderada,177.846,2.154,6.31,29.841,2.268,76.316,118.613,42.585,61,4.826,1240.984,6.446,0,Boa
829,2026-02-04 12:00:00,Noite,M4,Forn_B,Frasco,Alta atenção,179.316,0.684,6.328,30.114,4.601,48.449,119.81,41.71,75,5.726,1202.022,5.836,0,Boa
830,2026-02-04 13:00:00,Manhã,M2,Forn_A,Ampola,Atenção moderada,188.794,8.794,6.776,31.756,2.479,50.257,121.915,41.726,16,3.327,1294.959,5.985,0,Boa
831,2026-02-04 14:00:00,Tarde,M3,Forn_A,Pote,Alta atenção,177.499,2.501,5.332,33.034,3.448,82.998,117.845,41.64,78,5.74,1316.577,6.947,0,Atenção
832,2026-02-04 15:00:00,Tarde,M3,Forn_E,Pote,Atenção moderada,178.593,1.407,5.894,33.548,2.842,58.579,124.409,40.529,65,4.297,1252.101,6.103,0,Boa
833,2026-02-04 16:00:00,Tarde,M3,Forn_D,Pote,Baixa atenção,172.469,7.531,6.482,31.982,3.045,43.27,109.977,42.559,7,2.517,1313.372,7.416,0,Atenção
834,2026-02-04 17:00:00,Tarde,M1,Forn_B,Pote,Alta atenção,174.833,5.167,6.796,27.744,3.766,62.163,122.293,39.424,84,5.763,1184.603,8.115,1,Crítica
835,2026-02-04 18:00:00,Noite,M1,Forn_B,Frasco,Atenção moderada,169.604,10.396,6.208,34.329,4.524,47.265,118.628,52.627,16,4.924,1230.709,12.519,1,Crítica
836,2026-02-04 19:00:00,Tarde,M1,Forn_A,Frasco,Atenção moderada,182.475,2.475,5.968,31.831,2.437,62.727,118.241,36.363,54,3.435,1277.409,6.15,0,Boa
837,2026-02-04 20:00:00,Noite,M2,Forn_E,Frasco,Baixa atenção,195.698,15.698,6.441,35.718,2.356,53.207,126.817,39.661,11,2.501,1327.899,8.532,1,Crítica
838,2026-02-04 21:00:00,Noite,M2,Forn_A,Pote,Baixa atenção,178.283,1.717,6.491,29.735,1.883,51.262,128.886,39.977,17,3.004,1097.005,7.419,0,Atenção
839,2026-02-04 22:00:00,Tarde,M2,Forn_D,Ampola,Atenção moderada,171.133,8.867,5.938,26.873,2.287,68.678,116.442,50.162,57,4.186,1099.47,7.212,0,Atenção
840,2026-02-04 23:00:00,Tarde,M2,Forn_B,Pote,Alta atenção,185.25,5.25,6.249,31.891,3.173,59.814,123.551,36.719,61,5.412,1210.705,7.729,0,Atenção
841,2026-02-05 00:00:00,Manhã,M3,Forn_B,Ampola,Atenção moderada,177.202,2.798,6.631,36.147,4.037,63.27,122.584,43.704,61,4.615,1383.462,10.004,1,Crítica
842,2026-02-05 01:00:00,Noite,M4,Forn_B,Pote,Atenção moderada,189.146,9.146,6.951,32.515,3.436,58.697,122.957,42.994,30,5.048,1320.179,8.678,1,Crítica
843,2026-02-05 02:00:00,Tarde,M1,Forn_E,Pote,Atenção moderada,177.449,2.551,6.434,31.361,3.821,51.222,120.386,43.334,73,4.799,1264.497,6.708,0,Boa
844,2026-02-05 03:00:00,Tarde,M3,Forn_A,Ampola,Baixa atenção,177.725,2.275,6.12,29.215,2.934,60.197,122.513,46.945,4,2.02,1156.937,4.301,0,Boa
845,2026-02-05 04:00:00,Manhã,M3,Forn_B,Pote,Alta atenção,180.221,0.221,6.076,37.625,3.245,65.278,127.244,46.863,76,5.238,1274.138,7.86,0,Atenção
846,2026-02-05 05:00:00,Noite,M2,Forn_B,Ampola,Baixa atenção,184.468,4.468,6.351,28.705,2.398,56.145,129.084,40.196,27,2.819,1166.025,4.638,0,Boa
847,2026-02-05 06:00:00,Tarde,M1,Forn_B,Ampola,Atenção moderada,177.749,2.251,6.048,29.679,3.444,70.314,124.334,42.776,55,4.727,1286.368,7.063,0,Atenção
848,2026-02-05 07:00:00,Tarde,M3,Forn_A,Pote,Alta atenção,178.468,1.532,6.185,33.824,6.866,62.229,120.017,34.544,81,8.263,1287.695,9.185,1,Crítica
849,2026-02-05 08:00:00,Manhã,M4,Forn_E,Frasco,Atenção moderada,180.906,0.906,5.624,26.061,2.655,56.802,116.739,42.396,22,3.232,1029.911,5.12,0,Boa
850,2026-02-05 09:00:00,Noite,M3,Forn_B,Ampola,Atenção moderada,174.205,5.795,6.684,36.079,3.175,57.138,118.201,38.824,37,3.677,1382.242,5.406,0,Boa
