id_registro,data_coleta,turno,maquina,tipo_produto,linha_producao,fornecedor_lote,codigo_produto,codigo_operador,nivel_manutencao,nivel_desgaste,criticidade_operacao,temperatura_forno_c,temperatura_forno_f,pressao_linha_bar,pressao_linha_backup,velocidade_esteira_m_min,vibracao_motor_mm_s,umidade_ambiente_pct,consumo_energia_kwh,consumo_energia_kwh_estimado,tempo_ciclo_s,tempo_setup_min,dias_desde_manutencao,qtd_produzida,sensor_ruido_aleatorio,codigo_turno_aleatorio,taxa_defeitos_pct,processo_critico,classe_qualidade
1,2026-01-01 00:00:00,Noite,M1,Peça B,Linha 2,F15,P003,OP018,Atrasada,Moderado,Normal,183.243,361.837,5.425,5.463,32.277,1.845,56.902,92.624,93.731,36.776,28.327,75,1141.324,0.007,6452,6.622,0,Boa
2,2026-01-01 01:00:00,Tarde,M2,Peça D,Linha 2,F10,P019,OP001,Recente,Leve,Normal,175.168,347.302,6.053,6.043,28.897,3.035,50.396,89.32,90.974,43.118,25.39,7,1081.694,2.234,9402,10.824,1,Crítica
3,2026-01-01 02:00:00,Noite,M1,Peça A,Linha 1,F04,P016,OP027,Atrasada,Moderado,Atenção,175.959,348.726,6.192,6.2,29.049,2.686,38.542,92.361,90.192,40.79,28.296,86,1268.575,0.746,4885,6.264,0,Boa
4,2026-01-01 03:00:00,Tarde,M2,Peça B,Linha 2,F13,P031,OP019,Intermediária,Leve,Normal,181.232,358.217,6.157,6.19,30.551,2.126,56.134,94.174,95.739,37.903,30.33,34,1222.572,-0.901,1502,4.02,0,Boa
5,2026-01-01 04:00:00,Manhã,M3,Peça C,Linha 3,F02,P017,OP031,Recente,Leve,Atenção,196.059,384.906,5.95,5.933,33.991,3.118,46.899,96.385,96.472,41.403,8.0,27,1238.493,0.07,3408,8.229,0,Atenção
6,2026-01-01 05:00:00,Noite,M1,Peça B,Linha 2,F14,P012,OP025,Atrasada,Moderado,Atenção,180.366,356.659,5.283,5.245,31.274,2.611,50.084,92.763,93.776,41.14,30.5,92,1116.366,-0.153,8685,6.229,0,Boa
7,2026-01-01 06:00:00,Noite,M2,Peça C,Linha 3,F10,P009,OP032,Atrasada,Moderado,Normal,188.653,371.576,5.665,5.621,30.615,2.906,59.073,96.637,97.144,40.467,34.655,68,1222.473,-0.25,2252,11.705,1,Crítica
8,2026-01-01 07:00:00,Noite,M4,Peça B,Linha 2,F02,P010,OP019,Intermediária,Moderado,Crítica,188.27,370.885,5.793,5.81,32.395,5.766,67.047,94.514,95.955,45.881,37.3,51,1080.473,-1.657,5923,11.797,1,Crítica
9,2026-01-01 08:00:00,Manhã,M1,Peça A,Linha 1,F02,P045,OP001,Atrasada,Moderado,Atenção,180.714,357.285,5.819,5.83,28.559,2.37,54.676,85.072,85.282,34.769,33.112,84,1076.658,0.387,1012,4.824,0,Boa
10,2026-01-01 09:00:00,Tarde,M2,Peça C,Linha 1,F13,P006,OP006,Atrasada,Moderado,Atenção,175.156,347.281,6.034,6.066,33.286,4.123,59.71,87.916,86.552,35.264,37.789,71,1218.774,-1.386,3913,7.779,0,Atenção
11,2026-01-01 10:00:00,Manhã,M3,Peça A,Linha 2,F05,P054,OP019,Intermediária,Moderado,Crítica,186.711,368.079,6.617,6.609,35.634,3.667,42.722,97.638,97.532,42.012,27.814,60,1364.597,-2.525,2019,9.658,1,Crítica
12,2026-01-01 11:00:00,Noite,M1,Peça A,Linha 3,F18,P011,OP016,Recente,Moderado,Atenção,171.01,339.818,6.309,6.267,32.322,2.275,57.087,89.681,90.197,42.365,24.417,30,1299.12,-0.344,2020,7.751,0,Atenção
13,2026-01-01 12:00:00,Tarde,M1,Peça B,Linha 2,F14,P003,OP032,Atrasada,Severo,Crítica,187.125,368.824,5.532,5.461,31.632,2.933,54.491,94.88,94.664,43.896,32.616,93,1135.031,-0.756,2481,7.933,0,Atenção
14,2026-01-01 13:00:00,Noite,M1,Peça C,Linha 1,F12,P009,OP017,Atrasada,Moderado,Normal,179.84,355.712,6.305,6.391,33.12,3.043,65.448,99.615,100.272,40.762,27.421,68,1170.381,-0.862,5843,5.999,0,Boa
15,2026-01-01 14:00:00,Tarde,M4,Peça C,Linha 2,F04,P002,OP035,Atrasada,Severo,Crítica,168.219,334.794,6.264,6.28,26.155,4.602,50.406,82.886,82.82,39.322,24.426,89,997.108,-3.103,7208,9.14,1,Crítica
16,2026-01-01 15:00:00,Manhã,M1,Peça A,Linha 1,F12,P033,OP008,Atrasada,Moderado,Atenção,177.029,350.653,5.637,5.641,33.61,2.41,52.946,94.091,93.496,41.972,26.189,91,1215.865,-0.851,3593,9.704,1,Crítica
17,2026-01-01 16:00:00,Tarde,M1,Peça A,Linha 2,F20,P019,OP016,Intermediária,Moderado,Atenção,182.201,359.961,6.358,6.366,41.546,3.299,64.0,107.229,106.143,40.322,19.487,52,1375.289,-0.174,8360,8.127,0,Atenção
18,2026-01-01 17:00:00,Manhã,M1,Peça D,Linha 2,F02,P012,OP031,Intermediária,Moderado,Normal,177.567,351.621,5.904,5.861,31.872,3.079,54.218,97.093,96.701,49.154,27.81,33,1176.99,-0.634,4527,5.698,0,Boa
19,2026-01-01 18:00:00,Noite,M1,Peça A,Linha 2,F05,P026,OP005,Atrasada,Severo,Atenção,182.518,360.532,5.342,5.318,31.883,3.77,45.575,93.81,94.014,40.768,29.188,89,1243.154,0.387,7631,10.173,1,Crítica
20,2026-01-01 19:00:00,Tarde,M3,Peça A,Linha 3,F04,P024,OP013,Atrasada,Severo,Crítica,176.78,350.204,6.149,6.201,34.791,4.189,76.689,95.055,93.095,41.798,27.358,94,1221.804,1.393,5766,10.828,1,Crítica
21,2026-01-01 20:00:00,Noite,M1,Peça A,Linha 2,F06,P046,OP031,Recente,Leve,Atenção,172.009,341.616,6.074,6.093,37.176,2.928,45.832,99.987,99.207,51.407,19.48,11,1242.684,0.516,7508,7.059,0,Boa
22,2026-01-01 21:00:00,Manhã,M2,Peça B,Linha 2,F13,P049,OP024,Intermediária,Moderado,Normal,179.928,355.871,5.874,5.851,35.165,2.902,54.45,101.265,99.268,41.62,29.83,60,1199.591,1.026,9807,6.622,0,Boa
23,2026-01-01 22:00:00,Noite,M2,Peça C,Linha 2,F08,P027,OP032,Intermediária,Moderado,Crítica,180.464,356.835,5.959,5.922,25.773,3.491,57.947,89.744,89.127,44.923,31.243,57,1081.676,1.109,9947,6.297,0,Boa
24,2026-01-01 23:00:00,Noite,M3,Peça C,Linha 3,F09,P035,OP021,Atrasada,Moderado,Normal,179.388,354.899,5.62,5.605,34.25,3.395,57.275,94.132,95.329,45.266,20.897,71,1169.208,-1.019,6284,7.25,0,Boa
25,2026-01-02 00:00:00,Noite,M1,Peça B,Linha 3,F05,P033,OP035,Atrasada,Severo,Crítica,185.182,365.327,6.219,6.209,40.276,3.964,53.387,97.71,96.524,45.139,21.634,92,1336.556,0.439,9662,7.484,0,Atenção
26,2026-01-02 01:00:00,Manhã,M4,Peça A,Linha 1,F02,P018,OP036,Recente,Moderado,Normal,177.579,351.642,5.98,6.042,33.867,3.701,53.43,95.904,96.607,43.1,29.567,23,1230.622,0.995,7311,4.273,0,Boa
27,2026-01-02 02:00:00,Tarde,M3,Peça A,Linha 2,F04,P028,OP039,Atrasada,Severo,Atenção,182.828,361.091,6.051,6.045,28.776,3.086,53.003,88.879,91.728,42.737,21.109,92,1122.944,-0.436,3419,5.717,0,Boa
28,2026-01-02 03:00:00,Manhã,M1,Peça B,Linha 1,F16,P003,OP005,Intermediária,Moderado,Normal,179.153,354.476,6.161,6.125,32.845,2.573,45.515,93.91,95.364,42.741,30.165,61,1239.702,-0.791,9416,7.114,0,Boa
29,2026-01-02 04:00:00,Manhã,M3,Peça A,Linha 3,F10,P031,OP024,Recente,Leve,Normal,173.105,343.589,5.424,5.423,28.718,2.562,73.277,87.101,87.235,39.811,32.261,7,1044.02,0.53,2305,5.917,0,Boa
30,2026-01-02 05:00:00,Tarde,M4,Peça A,Linha 2,F06,P049,OP005,Intermediária,Moderado,Atenção,175.141,347.254,5.574,5.582,35.938,4.012,53.13,99.205,100.064,43.237,35.555,48,1180.338,-1.482,5213,10.524,1,Crítica
31,2026-01-02 06:00:00,Noite,M1,Peça A,Linha 1,F14,P003,OP010,Recente,Leve,Normal,178.862,353.951,5.006,4.967,29.132,2.267,60.074,92.55,91.18,49.709,27.387,12,1060.217,-1.088,2379,4.809,0,Boa
32,2026-01-02 07:00:00,Noite,M4,Peça A,Linha 1,F01,P037,OP013,Atrasada,Severo,Crítica,192.302,378.144,6.254,6.266,32.223,4.364,52.155,98.825,97.252,46.601,33.453,90,1067.209,-0.667,8058,12.853,1,Crítica
33,2026-01-02 08:00:00,Manhã,M2,Peça B,Linha 1,F04,P045,OP026,Atrasada,Moderado,Atenção,183.312,361.962,5.455,5.491,29.427,2.232,51.985,88.823,88.852,43.515,41.271,72,1100.664,0.451,9059,6.495,0,Boa
34,2026-01-02 09:00:00,Manhã,M3,Peça B,Linha 2,F04,P008,OP018,Atrasada,Severo,Crítica,172.227,342.008,6.036,6.04,30.601,3.505,51.129,93.096,93.495,45.612,14.794,85,1109.049,0.219,8368,7.425,0,Atenção
35,2026-01-02 10:00:00,Tarde,M4,Peça A,Linha 1,F23,P019,OP035,Intermediária,Moderado,Crítica,165.825,330.486,6.167,6.143,36.458,4.398,41.826,90.627,91.721,38.697,23.774,57,1363.953,1.032,1921,11.565,1,Crítica
36,2026-01-02 11:00:00,Manhã,M2,Peça B,Linha 1,F12,P045,OP012,Intermediária,Leve,Normal,184.112,363.401,6.271,6.255,32.31,1.673,53.635,94.103,93.534,41.37,30.051,37,1200.548,-0.922,3436,8.2,0,Atenção
37,2026-01-02 12:00:00,Manhã,M3,Peça C,Linha 3,F10,P049,OP025,Intermediária,Moderado,Normal,180.7,357.259,5.402,5.352,30.882,4.824,51.54,101.911,102.104,46.412,23.176,40,1192.766,-0.975,4060,7.79,0,Atenção
38,2026-01-02 13:00:00,Tarde,M1,Peça C,Linha 2,F01,P005,OP031,Atrasada,Moderado,Atenção,184.735,364.522,5.947,5.943,28.804,2.686,64.958,97.739,97.898,48.461,36.559,89,1097.35,0.524,2040,8.224,0,Atenção
39,2026-01-02 14:00:00,Manhã,M3,Peça C,Linha 1,F03,P012,OP040,Recente,Leve,Normal,176.62,349.916,6.752,6.761,26.385,3.604,44.828,88.999,88.867,39.881,22.884,14,1063.623,-0.799,5772,6.085,0,Boa
40,2026-01-02 15:00:00,Tarde,M3,Peça B,Linha 1,F11,P028,OP010,Atrasada,Severo,Atenção,183.021,361.438,6.771,6.745,28.246,3.793,50.094,101.879,101.807,40.522,29.51,84,1132.797,-0.604,1306,7.223,0,Boa
41,2026-01-02 16:00:00,Tarde,M1,Peça C,Linha 3,F06,P008,OP030,Intermediária,Leve,Atenção,183.2,361.76,6.388,6.446,32.896,3.434,47.363,95.364,94.509,51.099,23.552,40,1178.197,-1.857,6520,7.963,0,Atenção
42,2026-01-02 17:00:00,Noite,M2,Peça A,Linha 2,F19,P011,OP004,Intermediária,Moderado,Atenção,177.973,352.352,6.128,6.152,35.181,3.178,67.262,100.152,100.432,42.366,23.345,56,1308.296,0.291,6171,6.361,0,Boa
43,2026-01-02 18:00:00,Tarde,M1,Peça A,Linha 2,F14,P001,OP022,Intermediária,Moderado,Normal,176.584,349.852,5.524,5.47,30.559,3.448,47.61,89.824,90.019,48.929,23.757,63,1099.621,1.541,6360,5.411,0,Boa
44,2026-01-02 19:00:00,Manhã,M1,Peça A,Linha 1,F07,P005,OP017,Recente,Leve,Normal,178.931,354.076,6.323,6.27,36.712,3.137,59.78,96.201,95.761,42.786,24.187,7,1162.456,-1.029,9214,5.237,0,Boa
45,2026-01-02 20:00:00,Noite,M1,Peça B,Linha 1,F13,P021,OP039,Recente,Leve,Normal,181.622,358.919,5.929,5.899,29.847,4.017,63.246,89.007,89.672,43.295,18.473,14,1031.118,1.022,8076,7.372,0,Boa
46,2026-01-02 21:00:00,Noite,M2,Peça A,Linha 1,F22,P025,OP031,Recente,Leve,Normal,180.225,356.406,6.252,6.299,31.286,3.34,53.758,94.405,95.433,40.839,28.919,15,1157.689,-0.059,3336,6.4,0,Boa
47,2026-01-02 22:00:00,Tarde,M1,Peça A,Linha 2,F07,P025,OP038,Atrasada,Moderado,Crítica,183.865,362.957,5.691,5.718,29.001,4.077,43.297,93.431,94.108,45.582,31.759,73,962.677,-1.765,6144,8.895,1,Atenção
48,2026-01-02 23:00:00,Manhã,M1,Peça C,Linha 1,F11,P033,OP035,Recente,Leve,Normal,176.398,349.516,5.922,5.971,34.972,3.548,43.405,96.831,95.789,47.97,29.156,7,1301.421,-0.895,8221,4.978,0,Boa
49,2026-01-03 00:00:00,Tarde,M3,Peça A,Linha 1,F19,P015,OP017,Intermediária,Moderado,Normal,174.292,345.726,6.074,6.074,38.293,2.176,62.308,100.006,100.106,38.067,19.866,58,1358.613,-0.956,8658,6.395,0,Boa
50,2026-01-03 01:00:00,Manhã,M3,Peça A,Linha 2,F04,P009,OP030,Recente,Moderado,Atenção,191.48,376.664,6.087,6.081,26.955,5.047,44.285,91.179,90.268,40.661,12.603,10,1062.417,-0.317,6788,10.339,1,Crítica
51,2026-01-03 02:00:00,Manhã,M3,Peça A,Linha 3,F17,P001,OP002,Atrasada,Moderado,Atenção,178.056,352.501,6.166,6.129,31.522,2.977,58.332,95.157,95.254,45.477,27.735,72,1082.467,0.42,1761,5.159,0,Boa
52,2026-01-03 03:00:00,Manhã,M1,Peça B,Linha 2,F02,P007,OP023,Atrasada,Severo,Crítica,175.844,348.519,5.715,5.726,36.034,3.844,55.972,99.076,98.168,41.868,46.753,92,1317.231,1.849,4911,8.712,1,Atenção
53,2026-01-03 04:00:00,Noite,M4,Peça A,Linha 2,F11,P011,OP002,Intermediária,Moderado,Normal,181.658,358.984,5.372,5.366,27.899,3.667,58.206,86.788,88.066,40.125,32.717,39,1054.491,-1.431,8729,6.408,0,Boa
54,2026-01-03 05:00:00,Tarde,M2,Peça A,Linha 2,F14,P006,OP029,Recente,Moderado,Normal,180.649,357.169,6.707,6.7,33.94,3.69,59.008,94.16,94.943,45.836,20.273,20,1128.974,-0.485,1664,6.351,0,Boa
55,2026-01-03 06:00:00,Tarde,M1,Peça A,Linha 1,F10,P001,OP039,Intermediária,Leve,Normal,176.789,350.221,7.12,7.169,35.664,2.352,47.064,97.105,98.258,46.193,27.907,42,1172.651,-0.896,6309,6.155,0,Boa
56,2026-01-03 07:00:00,Noite,M1,Peça C,Linha 1,F08,P005,OP028,Intermediária,Moderado,Normal,178.709,353.677,6.201,6.198,32.235,3.369,46.708,96.066,97.118,41.101,31.566,65,1199.36,-1.268,5865,5.855,0,Boa
57,2026-01-03 08:00:00,Tarde,M3,Peça D,Linha 2,F10,P026,OP034,Atrasada,Moderado,Normal,180.993,357.788,5.38,5.42,33.891,3.437,61.077,100.874,100.603,44.067,19.31,69,1238.813,0.095,3006,8.643,1,Atenção
58,2026-01-03 09:00:00,Tarde,M1,Peça B,Linha 1,F03,P024,OP010,Intermediária,Moderado,Normal,179.709,355.476,5.652,5.604,37.283,3.898,49.651,96.644,96.219,37.768,35.018,60,1378.274,0.001,4096,7.023,0,Boa
59,2026-01-03 10:00:00,Manhã,M2,Peça B,Linha 2,F03,P046,OP040,Intermediária,Moderado,Crítica,168.041,334.474,6.205,6.286,38.085,3.357,31.624,94.767,96.509,38.957,25.395,55,1375.533,-1.814,9798,9.209,1,Crítica
60,2026-01-03 11:00:00,Manhã,M4,Peça C,Linha 3,F04,P034,OP023,Intermediária,Moderado,Crítica,191.781,377.205,6.548,6.536,32.374,4.42,60.514,94.742,94.577,43.282,26.176,59,1179.807,0.018,6360,11.102,1,Crítica
61,2026-01-03 12:00:00,Tarde,M1,Peça D,Linha 3,F10,P021,OP027,Recente,Leve,Normal,178.034,352.461,5.398,5.419,30.963,1.645,46.192,95.062,93.707,43.379,23.743,20,1214.907,-1.205,9456,8.105,0,Atenção
62,2026-01-03 13:00:00,Tarde,M1,Peça B,Linha 1,F07,P005,OP031,Recente,Leve,Normal,181.819,359.275,5.944,5.97,29.24,2.816,58.971,91.078,92.086,38.686,30.387,19,1115.26,0.012,5241,6.297,0,Boa
63,2026-01-03 14:00:00,Tarde,M4,Peça C,Linha 1,F04,P021,OP026,Atrasada,Severo,Atenção,174.834,346.701,6.088,6.073,34.931,4.079,66.839,93.415,93.559,40.089,24.509,88,1138.879,1.269,8610,6.898,0,Boa
64,2026-01-03 15:00:00,Noite,M2,Peça C,Linha 1,F17,P002,OP013,Intermediária,Leve,Normal,177.851,352.131,6.389,6.414,27.885,3.307,55.142,90.021,91.527,38.763,16.158,55,1090.316,0.463,6577,7.131,0,Boa
65,2026-01-03 16:00:00,Tarde,M1,Peça C,Linha 1,F06,P015,OP025,Atrasada,Moderado,Atenção,175.304,347.547,5.845,5.872,31.242,3.587,63.464,94.983,95.226,44.539,30.418,81,1102.211,0.178,9203,8.928,1,Crítica
66,2026-01-03 17:00:00,Tarde,M4,Peça B,Linha 1,F07,P014,OP027,Intermediária,Moderado,Atenção,189.643,373.357,5.296,5.275,32.308,3.484,56.307,92.971,92.951,34.883,14.458,59,1199.445,-0.529,3940,11.866,1,Crítica
67,2026-01-03 18:00:00,Tarde,M4,Peça A,Linha 1,F06,P015,OP035,Intermediária,Moderado,Normal,178.954,354.117,6.28,6.258,30.491,3.682,68.493,89.673,91.199,38.156,23.633,43,1124.183,0.067,4438,9.201,1,Crítica
68,2026-01-03 19:00:00,Manhã,M2,Peça A,Linha 2,F03,P010,OP020,Intermediária,Moderado,Normal,184.242,363.636,6.482,6.484,33.079,3.768,45.972,95.455,93.917,34.921,33.441,54,1223.318,0.563,1363,7.965,0,Atenção
69,2026-01-03 20:00:00,Manhã,M3,Peça B,Linha 2,F13,P027,OP021,Intermediária,Moderado,Normal,177.818,352.072,5.939,5.935,39.934,1.941,54.93,90.847,90.261,43.952,30.675,65,1348.339,0.464,3050,7.33,0,Boa
70,2026-01-03 21:00:00,Tarde,M1,Peça B,Linha 3,F07,P037,OP021,Recente,Leve,Normal,176.446,349.603,6.126,6.168,32.195,3.255,60.722,91.131,90.244,35.51,29.614,17,1333.862,-0.099,2246,6.621,0,Boa
71,2026-01-03 22:00:00,Manhã,M1,Peça A,Linha 1,F01,P032,OP005,Intermediária,Moderado,Atenção,177.523,351.542,5.786,5.808,30.694,2.583,53.382,89.051,86.856,42.121,29.162,43,1054.123,0.217,2645,6.688,0,Boa
72,2026-01-03 23:00:00,Tarde,M2,Peça B,Linha 1,F21,P024,OP004,Atrasada,Moderado,Normal,186.976,368.557,5.619,5.617,35.046,2.479,64.794,102.566,103.439,48.59,41.902,68,1113.433,-1.317,3775,8.665,1,Atenção
73,2026-01-04 00:00:00,Noite,M1,Peça B,Linha 1,F15,P020,OP001,Recente,Leve,Atenção,168.973,336.151,6.462,6.48,32.719,3.091,51.328,92.711,92.153,48.719,19.111,8,1100.417,-0.734,8862,8.208,0,Atenção
74,2026-01-04 01:00:00,Manhã,M3,Peça C,Linha 1,F13,P001,OP027,Recente,Leve,Normal,174.359,345.845,6.174,6.113,36.318,4.31,72.59,93.318,94.223,35.948,24.869,6,1348.036,0.708,4406,9.142,1,Crítica
75,2026-01-04 02:00:00,Manhã,M3,Peça A,Linha 1,F17,P029,OP017,Recente,Moderado,Normal,171.074,339.933,6.221,6.202,32.494,4.025,73.039,93.042,93.431,43.134,20.571,15,1170.659,0.842,8438,7.492,0,Atenção
76,2026-01-04 03:00:00,Manhã,M1,Peça A,Linha 3,F18,P020,OP035,Intermediária,Moderado,Atenção,173.145,343.661,6.62,6.629,31.815,2.712,57.398,90.018,90.625,38.242,32.221,56,1161.525,0.094,8331,9.756,1,Crítica
77,2026-01-04 04:00:00,Manhã,M2,Peça C,Linha 1,F05,P009,OP029,Recente,Leve,Atenção,176.08,348.943,5.525,5.559,26.649,3.731,59.697,88.311,87.855,38.276,23.391,22,1154.75,1.479,9827,7.191,0,Boa
78,2026-01-04 05:00:00,Tarde,M1,Peça C,Linha 1,F10,P011,OP006,Intermediária,Moderado,Atenção,170.405,338.728,5.752,5.758,27.141,3.526,65.129,90.061,89.297,42.379,35.593,41,1149.266,0.508,5577,7.646,0,Atenção
79,2026-01-04 06:00:00,Tarde,M4,Peça D,Linha 2,F10,P046,OP005,Recente,Leve,Normal,178.182,352.728,6.047,6.091,26.733,3.845,44.909,90.761,90.85,47.928,19.775,12,1044.574,-0.233,8633,5.603,0,Boa
80,2026-01-04 07:00:00,Noite,M1,Peça C,Linha 2,F04,P024,OP015,Recente,Leve,Atenção,168.323,334.982,5.722,5.748,33.378,2.511,43.848,92.177,93.096,45.089,32.283,23,1136.21,-1.22,4774,8.904,1,Crítica
81,2026-01-04 08:00:00,Tarde,M3,Peça C,Linha 2,F04,P017,OP037,Recente,Leve,Normal,175.906,348.632,6.328,6.314,28.153,3.099,65.68,87.715,87.665,40.092,25.639,1,1142.328,1.439,6690,7.186,0,Boa
82,2026-01-04 09:00:00,Tarde,M2,Peça A,Linha 1,F02,P024,OP002,Atrasada,Moderado,Atenção,186.542,367.776,5.916,5.911,35.767,3.545,57.329,95.331,94.629,44.679,27.885,76,1217.051,0.77,8297,7.506,0,Atenção
83,2026-01-04 10:00:00,Noite,M2,Peça A,Linha 3,F11,P015,OP008,Intermediária,Moderado,Atenção,182.399,360.318,5.497,5.51,32.651,2.973,53.075,93.426,92.227,33.474,28.775,44,1238.935,1.798,2280,5.857,0,Boa
84,2026-01-04 11:00:00,Manhã,M3,Peça A,Linha 1,F14,P017,OP002,Recente,Leve,Normal,182.175,359.915,6.03,6.016,31.267,2.67,55.095,94.459,94.663,39.139,24.848,16,1158.098,2.167,1517,5.662,0,Boa
85,2026-01-04 12:00:00,Manhã,M3,Peça B,Linha 1,F14,P010,OP017,Intermediária,Leve,Normal,175.986,348.774,6.077,6.123,29.468,2.327,34.719,87.372,86.818,39.229,28.056,49,1211.326,-1.287,2483,5.316,0,Boa
86,2026-01-04 13:00:00,Manhã,M2,Peça D,Linha 2,F05,P016,OP040,Atrasada,Severo,Crítica,172.312,342.162,6.397,6.363,34.107,3.793,53.38,97.041,96.969,43.558,27.799,88,1224.011,-1.284,7489,9.868,1,Crítica
87,2026-01-04 14:00:00,Noite,M3,Peça A,Linha 3,F03,P027,OP028,Atrasada,Severo,Atenção,175.276,347.497,6.121,6.13,30.147,2.995,48.599,94.769,94.53,41.229,24.03,78,1216.174,-2.863,5262,8.423,0,Atenção
88,2026-01-04 15:00:00,Tarde,M4,Peça B,Linha 1,F07,P002,OP020,Atrasada,Severo,Crítica,181.775,359.196,6.208,6.23,29.044,3.937,62.804,96.225,95.78,41.822,26.71,84,1210.212,0.918,3519,8.648,1,Atenção
89,2026-01-04 16:00:00,Manhã,M2,Peça A,Linha 2,F09,P034,OP006,Intermediária,Moderado,Atenção,184.815,364.666,6.12,6.111,35.805,3.806,63.458,98.826,99.119,41.336,14.941,38,1282.677,0.656,7909,8.834,1,Atenção
90,2026-01-04 17:00:00,Tarde,M2,Peça A,Linha 1,F19,P010,OP015,Intermediária,Leve,Normal,184.992,364.986,5.915,5.899,33.064,2.149,59.902,97.9,98.454,42.085,29.772,34,1170.165,0.098,1135,6.105,0,Boa
91,2026-01-04 18:00:00,Manhã,M1,Peça A,Linha 1,F17,P027,OP021,Recente,Moderado,Normal,182.079,359.743,5.678,5.675,31.295,2.771,58.361,101.822,103.787,44.052,16.989,30,1217.366,-1.226,2559,4.033,0,Boa
92,2026-01-04 19:00:00,Tarde,M3,Peça A,Linha 1,F19,P025,OP011,Recente,Leve,Normal,177.365,351.256,6.13,6.154,33.924,3.239,42.273,94.589,95.347,42.567,22.934,28,1240.605,-0.089,5228,5.402,0,Boa
93,2026-01-04 20:00:00,Tarde,M2,Peça D,Linha 2,F16,P025,OP029,Atrasada,Moderado,Atenção,180.428,356.77,5.826,5.811,32.267,3.499,60.02,92.556,94.15,42.179,32.848,87,1341.748,0.185,9238,11.572,1,Crítica
94,2026-01-04 21:00:00,Tarde,M2,Peça A,Linha 1,F21,P023,OP040,Recente,Leve,Normal,178.629,353.532,6.76,6.728,33.149,3.805,60.35,90.807,89.988,43.527,28.076,13,1210.602,0.783,7740,8.208,0,Atenção
95,2026-01-04 22:00:00,Manhã,M1,Peça C,Linha 2,F07,P049,OP009,Atrasada,Moderado,Normal,177.754,351.957,6.58,6.614,29.789,2.098,65.584,99.006,97.405,45.949,17.752,80,1156.427,0.273,7153,8.803,1,Atenção
96,2026-01-04 23:00:00,Tarde,M4,Peça B,Linha 1,F01,P019,OP011,Atrasada,Severo,Crítica,192.593,378.668,6.285,6.297,38.211,4.092,73.005,106.051,106.037,40.247,28.409,87,1323.497,0.664,7397,11.629,1,Crítica
97,2026-01-05 00:00:00,Manhã,M2,Peça A,Linha 3,F02,P030,OP006,Atrasada,Severo,Crítica,171.138,340.048,6.114,6.145,30.821,3.67,40.613,89.041,89.899,41.774,31.158,80,1156.415,-0.124,3810,8.331,0,Atenção
98,2026-01-05 01:00:00,Manhã,M3,Peça A,Linha 3,F06,P028,OP030,Intermediária,Moderado,Atenção,179.98,355.963,5.904,5.927,37.228,3.229,51.698,96.664,97.365,46.415,27.032,59,1229.671,1.181,5030,6.168,0,Boa
99,2026-01-05 02:00:00,Manhã,M1,Peça C,Linha 1,F04,P008,OP019,Atrasada,Moderado,Atenção,185.101,365.182,5.432,5.498,31.433,2.873,48.691,93.429,94.64,38.62,36.544,81,1213.119,0.632,8970,6.78,0,Boa
100,2026-01-05 03:00:00,Noite,M4,Peça A,Linha 1,F03,P010,OP012,Recente,Leve,Normal,174.377,345.879,5.903,5.936,34.421,3.922,56.466,100.413,97.877,48.858,17.309,3,1208.849,-1.187,7565,7.556,0,Atenção
101,2026-01-05 04:00:00,Noite,M1,Peça C,Linha 1,F20,P015,OP009,Atrasada,Moderado,Normal,175.453,347.815,6.046,6.024,34.203,3.186,55.114,90.527,91.78,37.721,15.866,77,1320.863,1.389,6387,8.783,1,Atenção
102,2026-01-05 05:00:00,Tarde,M1,Peça A,Linha 3,F03,P010,OP003,Intermediária,Moderado,Normal,176.049,348.888,6.047,6.061,36.001,3.179,53.01,90.193,90.529,40.688,30.702,48,1281.728,1.226,1746,8.98,1,Crítica
103,2026-01-05 06:00:00,Manhã,M4,Peça B,Linha 1,F21,P013,OP020,Atrasada,Severo,Atenção,180.839,357.51,6.211,6.195,29.478,4.087,63.735,98.523,96.979,38.749,26.057,91,1131.588,0.465,7597,7.418,0,Atenção
104,2026-01-05 07:00:00,Noite,M4,Peça C,Linha 2,F14,P014,OP028,Recente,Leve,Normal,173.701,344.662,6.391,6.377,35.467,3.174,45.638,98.464,99.188,51.124,12.089,8,1160.924,0.281,4290,6.815,0,Boa
105,2026-01-05 08:00:00,Noite,M1,Peça A,Linha 1,F11,P023,OP010,Atrasada,Severo,Atenção,181.895,359.412,5.689,5.646,37.539,3.444,46.15,98.908,99.077,40.087,28.089,88,1215.721,1.659,4468,7.64,0,Atenção
106,2026-01-05 09:00:00,Tarde,M2,Peça A,Linha 2,F11,P008,OP001,Intermediária,Moderado,Normal,183.765,362.776,5.669,5.66,31.464,3.758,46.294,94.382,94.763,40.097,33.703,54,1285.346,-1.633,7064,6.656,0,Boa
107,2026-01-05 10:00:00,Tarde,M3,Peça D,Linha 2,F05,P034,OP019,Recente,Leve,Normal,183.844,362.918,6.629,6.645,32.344,3.723,51.937,96.614,97.613,41.851,15.14,9,1156.766,1.241,4541,7.77,0,Atenção
108,2026-01-05 11:00:00,Manhã,M4,Peça A,Linha 2,F11,P016,OP028,Intermediária,Leve,Normal,177.474,351.453,6.323,6.321,30.67,2.679,44.557,88.964,89.394,42.363,39.856,48,1213.557,-0.476,6155,6.118,0,Boa
109,2026-01-05 12:00:00,Manhã,M2,Peça B,Linha 3,F03,P028,OP014,Recente,Leve,Normal,180.75,357.35,5.768,5.735,31.521,2.997,54.587,91.652,90.179,41.112,17.213,3,1196.182,1.095,1113,6.688,0,Boa
110,2026-01-05 13:00:00,Noite,M2,Peça B,Linha 1,F20,P003,OP011,Recente,Leve,Normal,175.623,348.121,5.952,5.906,37.134,3.198,53.593,97.345,97.202,41.855,23.082,7,1293.656,0.12,2664,6.275,0,Boa
111,2026-01-05 14:00:00,Tarde,M3,Peça A,Linha 3,F05,P017,OP007,Intermediária,Leve,Normal,179.47,355.047,5.898,5.961,29.547,2.606,48.315,83.021,81.404,30.0,18.685,50,1214.804,-1.243,5840,6.099,0,Boa
112,2026-01-05 15:00:00,Manhã,M3,Peça C,Linha 1,F04,P001,OP030,Atrasada,Moderado,Crítica,192.398,378.316,6.014,6.024,29.174,4.962,62.427,94.125,94.774,43.027,28.41,77,1076.667,-0.497,9618,13.105,1,Crítica
113,2026-01-05 16:00:00,Manhã,M3,Peça C,Linha 2,F12,P027,OP035,Recente,Leve,Normal,181.698,359.056,6.189,6.164,37.073,2.596,54.494,96.897,98.295,42.878,21.998,10,1209.053,1.022,7846,5.715,0,Boa
114,2026-01-05 17:00:00,Tarde,M2,Peça A,Linha 3,F11,P012,OP031,Recente,Leve,Atenção,174.125,345.425,7.085,7.099,34.434,3.395,64.033,95.532,94.29,45.947,14.983,24,1301.888,-0.21,4757,5.217,0,Boa
115,2026-01-05 18:00:00,Manhã,M1,Peça C,Linha 2,F07,P047,OP021,Intermediária,Moderado,Normal,179.738,355.528,6.061,6.127,38.601,3.07,53.342,98.508,97.836,47.784,41.915,37,1267.167,-0.621,9718,6.058,0,Boa
116,2026-01-05 19:00:00,Noite,M4,Peça A,Linha 2,F11,P011,OP029,Intermediária,Leve,Normal,174.971,346.947,6.274,6.293,30.889,2.58,54.794,89.963,89.08,41.287,23.108,51,1234.505,-0.628,3478,7.028,0,Boa
117,2026-01-05 20:00:00,Noite,M4,Peça A,Linha 1,F03,P021,OP016,Recente,Leve,Normal,175.765,348.377,5.241,5.157,32.379,3.878,50.216,89.625,89.171,45.102,19.033,0,1250.202,0.642,9029,5.906,0,Boa
118,2026-01-05 21:00:00,Tarde,M3,Peça B,Linha 1,F11,P009,OP001,Intermediária,Moderado,Atenção,175.786,348.415,5.782,5.861,30.018,3.385,54.94,91.681,92.093,38.174,32.614,60,1148.454,1.751,4630,7.347,0,Boa
119,2026-01-05 22:00:00,Tarde,M1,Peça D,Linha 1,F04,P024,OP015,Intermediária,Moderado,Atenção,176.49,349.681,6.553,6.497,32.43,3.388,61.054,94.279,93.836,46.176,36.646,47,1185.917,-2.141,1782,8.068,0,Atenção
120,2026-01-05 23:00:00,Tarde,M1,Peça A,Linha 2,F04,P017,OP029,Atrasada,Moderado,Atenção,183.672,362.61,6.157,6.151,26.918,2.546,51.504,87.215,87.867,39.825,36.039,91,1108.447,2.801,1022,6.04,0,Boa
121,2026-01-06 00:00:00,Tarde,M3,Peça A,Linha 2,F03,P013,OP026,Recente,Leve,Normal,184.208,363.574,4.5,4.466,34.295,2.829,59.407,95.503,96.568,37.498,17.033,28,1185.388,0.204,9823,7.663,0,Atenção
122,2026-01-06 01:00:00,Tarde,M1,Peça B,Linha 1,F05,P007,OP040,Intermediária,Leve,Normal,181.52,358.735,6.303,6.281,32.97,2.371,48.092,94.361,95.462,41.655,26.963,46,1190.755,0.58,6779,7.971,0,Atenção
123,2026-01-06 02:00:00,Manhã,M4,Peça C,Linha 1,F05,P004,OP040,Recente,Leve,Normal,176.286,349.314,6.863,6.872,31.827,3.462,61.452,93.883,92.765,48.132,11.272,7,1171.22,-0.436,2345,7.592,0,Atenção
124,2026-01-06 03:00:00,Tarde,M2,Peça A,Linha 1,F07,P004,OP010,Atrasada,Moderado,Atenção,177.485,351.473,5.102,5.04,30.829,3.012,50.071,86.692,88.078,42.688,34.37,87,1126.164,-0.004,9926,6.041,0,Boa
125,2026-01-06 04:00:00,Manhã,M3,Peça A,Linha 1,F03,P059,OP001,Atrasada,Moderado,Crítica,182.614,360.706,6.684,6.681,29.316,3.446,62.239,96.493,97.959,47.687,18.509,79,1074.386,0.193,1369,9.712,1,Crítica
126,2026-01-06 05:00:00,Tarde,M4,Peça C,Linha 1,F03,P015,OP011,Intermediária,Moderado,Normal,178.733,353.719,4.753,4.787,34.183,3.688,55.518,91.389,92.942,39.965,19.821,33,1225.141,-1.049,4011,7.35,0,Boa
127,2026-01-06 06:00:00,Manhã,M2,Peça A,Linha 3,F09,P001,OP036,Intermediária,Leve,Normal,178.852,353.934,6.366,6.341,29.047,2.725,67.928,94.177,94.019,45.982,25.421,43,1227.66,-0.806,7739,7.522,0,Atenção
128,2026-01-06 07:00:00,Manhã,M1,Peça A,Linha 2,F02,P048,OP033,Atrasada,Moderado,Normal,181.095,357.971,5.972,5.93,33.776,2.572,45.19,92.165,91.413,39.522,31.15,81,1121.267,1.185,1479,4.807,0,Boa
129,2026-01-06 08:00:00,Manhã,M3,Peça A,Linha 1,F12,P001,OP004,Recente,Moderado,Normal,179.386,354.895,4.943,4.938,38.223,4.98,42.452,97.642,96.658,42.856,22.674,28,1318.125,-1.552,9152,8.286,0,Atenção
130,2026-01-06 09:00:00,Tarde,M2,Peça A,Linha 2,F20,P015,OP007,Recente,Leve,Normal,181.476,358.656,6.177,6.167,36.697,2.499,49.762,101.399,100.297,42.823,32.875,22,1245.574,0.441,7101,4.575,0,Boa
131,2026-01-06 10:00:00,Manhã,M2,Peça B,Linha 3,F07,P029,OP023,Recente,Leve,Atenção,188.582,371.448,6.462,6.444,28.045,2.709,43.231,95.614,95.626,44.874,28.099,22,1052.248,-0.371,9547,7.283,0,Boa
132,2026-01-06 11:00:00,Noite,M3,Peça C,Linha 1,F18,P043,OP027,Atrasada,Severo,Atenção,180.306,356.551,6.164,6.128,30.39,5.653,43.247,97.163,98.011,43.763,31.228,67,1124.004,-0.961,8534,7.245,0,Boa
133,2026-01-06 12:00:00,Tarde,M4,Peça B,Linha 1,F02,P029,OP040,Recente,Moderado,Atenção,188.133,370.639,6.263,6.279,33.264,3.996,60.283,97.559,98.866,39.551,16.224,20,1261.943,1.972,8423,6.984,0,Boa
134,2026-01-06 13:00:00,Manhã,M2,Peça B,Linha 1,F01,P017,OP031,Recente,Leve,Normal,183.209,361.776,5.815,5.833,31.789,2.175,54.964,97.286,96.801,45.705,32.836,8,1195.74,-0.955,3047,5.795,0,Boa
135,2026-01-06 14:00:00,Tarde,M1,Peça D,Linha 1,F13,P051,OP009,Recente,Leve,Normal,171.17,340.107,5.162,5.13,27.802,3.6,50.923,86.513,86.474,49.84,18.382,15,1062.711,-1.13,2843,8.744,1,Atenção
136,2026-01-06 15:00:00,Manhã,M2,Peça A,Linha 2,F14,P002,OP002,Atrasada,Moderado,Atenção,174.569,346.224,6.287,6.26,33.396,2.408,51.711,93.197,93.093,39.782,39.865,93,1288.221,-0.187,3179,7.328,0,Boa
137,2026-01-06 16:00:00,Noite,M2,Peça A,Linha 3,F16,P054,OP026,Atrasada,Moderado,Crítica,175.965,348.738,6.731,6.735,32.53,3.591,49.923,92.116,91.481,35.026,40.693,82,1316.486,-0.769,2385,6.612,0,Boa
138,2026-01-06 17:00:00,Tarde,M1,Peça D,Linha 1,F01,P038,OP023,Atrasada,Severo,Atenção,174.355,345.839,6.508,6.479,37.743,2.915,69.028,101.818,102.554,45.157,32.276,90,1312.254,0.006,6978,10.909,1,Crítica
139,2026-01-06 18:00:00,Noite,M1,Peça A,Linha 2,F14,P045,OP037,Recente,Leve,Normal,178.33,352.995,5.081,5.087,31.48,2.514,48.748,91.761,92.124,40.742,30.272,26,1148.684,0.155,1530,5.551,0,Boa
140,2026-01-06 19:00:00,Manhã,M3,Peça C,Linha 1,F06,P009,OP024,Intermediária,Moderado,Crítica,184.396,363.913,5.318,5.362,35.504,4.558,43.762,98.684,98.825,42.312,8.0,42,1272.556,0.235,4855,8.798,1,Atenção
141,2026-01-06 20:00:00,Tarde,M2,Peça C,Linha 2,F05,P005,OP021,Intermediária,Moderado,Atenção,186.827,368.288,5.595,5.594,28.439,3.53,61.766,95.027,95.385,44.923,24.51,46,1127.385,-0.124,6237,8.949,1,Crítica
142,2026-01-06 21:00:00,Tarde,M4,Peça A,Linha 2,F03,P026,OP013,Intermediária,Moderado,Normal,183.603,362.485,5.259,5.223,29.156,4.282,53.166,96.068,96.683,40.266,32.533,49,1094.01,-0.702,5849,9.238,1,Crítica
143,2026-01-06 22:00:00,Noite,M1,Peça B,Linha 1,F24,P019,OP004,Recente,Leve,Normal,176.482,349.668,6.02,6.032,34.165,3.155,72.33,94.049,94.655,41.338,27.707,2,1131.435,0.643,5384,8.437,0,Atenção
144,2026-01-06 23:00:00,Tarde,M1,Peça A,Linha 1,F01,P019,OP036,Intermediária,Moderado,Atenção,167.972,334.35,6.177,6.172,35.251,2.511,50.527,95.85,95.012,41.62,19.162,56,1121.818,-0.112,3007,9.591,1,Crítica
145,2026-01-07 00:00:00,Tarde,M3,Peça A,Linha 2,F15,P044,OP034,Recente,Leve,Normal,181.567,358.821,5.332,5.328,29.368,3.747,62.191,89.273,90.17,47.585,20.478,3,1099.717,-0.496,1983,7.251,0,Boa
146,2026-01-07 01:00:00,Manhã,M4,Peça B,Linha 3,F11,P024,OP007,Recente,Leve,Normal,182.134,359.841,6.294,6.308,32.632,4.508,64.199,90.673,90.928,42.474,8.862,26,1207.943,1.48,9893,7.102,0,Boa
147,2026-01-07 02:00:00,Manhã,M1,Peça A,Linha 1,F13,P011,OP029,Recente,Leve,Normal,179.751,355.552,6.27,6.291,27.855,2.888,50.569,83.282,82.847,37.304,26.638,27,1069.357,-0.121,5182,5.959,0,Boa
148,2026-01-07 03:00:00,Tarde,M1,Peça C,Linha 1,F12,P014,OP015,Intermediária,Moderado,Crítica,189.752,373.554,5.753,5.754,31.456,4.133,48.685,97.891,98.125,38.266,15.82,64,1261.116,1.092,6353,11.095,1,Crítica
149,2026-01-07 04:00:00,Tarde,M1,Peça C,Linha 1,F16,P005,OP018,Atrasada,Severo,Atenção,185.251,365.452,5.922,5.921,34.511,3.515,61.302,99.549,99.893,43.339,35.583,85,1226.953,1.227,6105,9.295,1,Crítica
150,2026-01-07 05:00:00,Manhã,M2,Peça C,Linha 2,F03,P007,OP034,Atrasada,Moderado,Atenção,184.382,363.888,5.099,5.16,30.935,3.3,59.887,96.975,98.057,38.518,34.376,66,1268.172,1.288,4319,9.917,1,Crítica
151,2026-01-07 06:00:00,Noite,M2,Peça A,Linha 2,F01,P005,OP034,Intermediária,Moderado,Atenção,175.297,347.535,5.826,5.862,31.493,3.163,43.01,89.866,88.82,36.063,22.434,41,1236.662,0.691,7505,6.848,0,Boa
152,2026-01-07 07:00:00,Noite,M1,Peça A,Linha 2,F10,P035,OP008,Intermediária,Moderado,Atenção,176.132,349.038,5.979,6.004,28.851,2.889,45.408,90.106,91.431,44.415,29.048,49,1044.426,-0.001,4385,6.735,0,Boa
153,2026-01-07 08:00:00,Manhã,M1,Peça A,Linha 2,F06,P028,OP013,Intermediária,Leve,Normal,178.307,352.952,6.052,6.056,30.295,1.987,33.44,93.412,93.435,44.601,24.537,48,1160.598,-0.064,4727,5.672,0,Boa
154,2026-01-07 09:00:00,Tarde,M2,Peça A,Linha 3,F02,P020,OP033,Recente,Leve,Normal,176.268,349.282,6.114,6.084,37.834,2.941,60.061,101.784,101.278,40.601,24.571,14,1337.017,-0.244,8230,4.785,0,Boa
155,2026-01-07 10:00:00,Manhã,M4,Peça D,Linha 3,F03,P013,OP037,Atrasada,Severo,Crítica,184.602,364.284,6.054,6.088,32.779,4.046,52.774,101.335,100.798,44.376,22.316,90,1146.529,-2.167,3864,8.53,0,Atenção
156,2026-01-07 11:00:00,Tarde,M3,Peça A,Linha 1,F05,P026,OP004,Atrasada,Severo,Atenção,183.056,361.501,5.881,5.885,28.993,3.08,53.622,95.117,94.116,42.715,32.695,87,1036.346,0.719,7294,5.705,0,Boa
157,2026-01-07 12:00:00,Manhã,M2,Peça A,Linha 2,F01,P035,OP034,Recente,Leve,Normal,174.641,346.353,6.105,6.087,31.296,3.219,40.623,94.491,92.75,44.289,13.913,22,1159.316,0.244,6990,5.778,0,Boa
158,2026-01-07 13:00:00,Tarde,M1,Peça C,Linha 1,F01,P040,OP020,Recente,Leve,Atenção,185.023,365.042,6.451,6.444,27.208,2.976,45.666,96.689,97.366,45.108,11.82,10,1013.932,0.826,1275,9.5,1,Crítica
159,2026-01-07 14:00:00,Noite,M1,Peça A,Linha 1,F19,P020,OP024,Recente,Leve,Normal,179.332,354.798,5.957,5.928,28.958,3.303,50.937,89.596,91.577,32.098,22.468,15,1263.803,-0.117,7157,4.835,0,Boa
160,2026-01-07 15:00:00,Noite,M1,Peça A,Linha 3,F05,P035,OP004,Intermediária,Moderado,Crítica,169.809,337.656,6.087,6.119,36.641,3.231,49.285,93.931,92.313,41.086,25.453,59,1247.505,0.665,8211,10.541,1,Crítica
161,2026-01-07 16:00:00,Manhã,M3,Peça A,Linha 2,F23,P019,OP028,Recente,Leve,Normal,180.933,357.679,5.892,5.913,31.813,3.459,56.002,95.217,94.267,43.968,23.794,2,1268.326,-1.378,3433,6.797,0,Boa
162,2026-01-07 17:00:00,Noite,M4,Peça B,Linha 3,F21,P017,OP028,Recente,Leve,Normal,183.462,362.232,5.653,5.658,38.232,2.833,59.959,95.259,96.01,40.8,18.823,9,1175.128,-1.169,9228,7.236,0,Boa
163,2026-01-07 18:00:00,Manhã,M4,Peça C,Linha 1,F02,P039,OP027,Intermediária,Moderado,Crítica,187.059,368.705,6.235,6.234,31.714,4.976,74.292,95.425,95.379,42.948,38.194,61,1178.306,-2.476,1178,7.014,0,Boa
164,2026-01-07 19:00:00,Manhã,M4,Peça A,Linha 2,F12,P014,OP032,Recente,Moderado,Normal,180.245,356.441,5.726,5.706,32.132,3.558,54.83,92.429,93.264,44.853,24.004,13,1250.172,-0.134,2617,7.514,0,Atenção
165,2026-01-07 20:00:00,Tarde,M4,Peça C,Linha 2,F10,P014,OP038,Recente,Leve,Atenção,186.305,367.35,6.15,6.086,34.163,3.759,64.481,100.157,100.055,43.118,23.877,6,1159.687,-0.773,9510,10.903,1,Crítica
166,2026-01-07 21:00:00,Manhã,M4,Peça C,Linha 1,F12,P011,OP034,Recente,Leve,Normal,182.973,361.352,6.013,5.97,23.982,3.589,47.945,92.901,92.321,48.54,23.263,1,982.348,-0.903,8698,8.472,0,Atenção
167,2026-01-07 22:00:00,Noite,M1,Peça C,Linha 1,F02,P019,OP030,Atrasada,Leve,Atenção,171.962,341.531,5.863,5.841,32.615,2.645,40.763,98.605,98.379,47.093,33.377,67,1133.237,0.335,7796,7.96,0,Atenção
168,2026-01-07 23:00:00,Noite,M1,Peça A,Linha 2,F03,P020,OP040,Intermediária,Moderado,Atenção,171.441,340.594,5.828,5.802,32.093,3.804,52.005,87.56,85.178,41.549,28.176,34,1145.802,-0.426,6434,7.585,0,Atenção
169,2026-01-08 00:00:00,Manhã,M1,Peça A,Linha 1,F01,P026,OP027,Recente,Leve,Normal,184.637,364.347,5.771,5.78,36.458,3.701,41.419,103.927,102.783,41.247,26.812,27,1282.191,-1.433,2809,6.874,0,Boa
170,2026-01-08 01:00:00,Noite,M2,Peça C,Linha 3,F10,P015,OP027,Intermediária,Moderado,Crítica,186.519,367.734,5.203,5.228,35.454,3.451,55.125,90.46,91.408,31.979,31.216,60,1236.596,2.545,5402,8.597,1,Atenção
171,2026-01-08 02:00:00,Manhã,M1,Peça A,Linha 1,F23,P007,OP022,Recente,Leve,Normal,180.479,356.862,6.172,6.168,28.599,2.73,48.366,88.38,89.572,40.759,12.332,16,1122.807,-0.037,6090,6.499,0,Boa
172,2026-01-08 03:00:00,Tarde,M3,Peça B,Linha 1,F11,P039,OP031,Intermediária,Moderado,Atenção,188.978,372.16,6.104,6.146,35.726,3.824,38.389,95.885,97.291,37.218,15.199,49,1313.512,-1.083,1806,8.872,1,Atenção
173,2026-01-08 04:00:00,Manhã,M3,Peça C,Linha 2,F12,P012,OP003,Intermediária,Moderado,Atenção,186.694,368.05,6.358,6.335,31.453,3.56,69.756,99.67,100.11,43.651,25.144,45,1147.695,-0.67,6353,9.236,1,Crítica
174,2026-01-08 05:00:00,Noite,M2,Peça A,Linha 1,F23,P044,OP021,Intermediária,Moderado,Normal,183.855,362.939,5.761,5.757,29.287,2.876,50.431,93.892,91.636,42.581,25.934,64,1069.081,-0.173,1802,6.434,0,Boa
175,2026-01-08 06:00:00,Manhã,M1,Peça C,Linha 3,F12,P007,OP018,Intermediária,Moderado,Atenção,174.061,345.31,6.797,6.795,33.151,3.182,41.08,94.483,93.848,45.454,30.199,59,1240.355,-0.175,2133,10.315,1,Crítica
176,2026-01-08 07:00:00,Manhã,M1,Peça D,Linha 2,F01,P021,OP037,Intermediária,Moderado,Crítica,187.803,370.046,5.805,5.838,31.632,4.647,62.634,95.218,96.543,48.567,27.24,64,1173.214,1.302,2529,11.613,1,Crítica
177,2026-01-08 08:00:00,Tarde,M1,Peça C,Linha 1,F17,P020,OP003,Recente,Leve,Normal,181.589,358.86,5.606,5.609,36.615,3.126,48.807,93.473,95.096,42.71,27.091,20,1197.635,-0.079,2724,5.146,0,Boa
178,2026-01-08 09:00:00,Noite,M4,Peça B,Linha 2,F06,P036,OP026,Recente,Leve,Normal,179.994,355.989,5.529,5.533,33.262,3.855,64.266,100.361,101.724,51.026,15.566,13,1063.888,1.855,1738,7.805,0,Atenção
179,2026-01-08 10:00:00,Noite,M2,Peça C,Linha 2,F01,P005,OP008,Intermediária,Moderado,Normal,176.825,350.285,5.196,5.146,32.857,3.554,48.766,96.837,96.601,43.693,25.936,50,1128.457,-0.432,9609,7.154,0,Boa
180,2026-01-08 11:00:00,Noite,M3,Peça B,Linha 2,F08,P043,OP036,Recente,Leve,Normal,182.535,360.563,6.666,6.639,34.942,3.02,50.402,100.049,98.743,37.381,14.354,5,1300.003,0.426,8222,4.654,0,Boa
181,2026-01-08 12:00:00,Noite,M1,Peça C,Linha 3,F20,P020,OP035,Intermediária,Moderado,Atenção,170.11,338.199,6.561,6.594,35.839,3.424,57.931,95.974,95.933,40.674,27.761,43,1276.911,1.022,5571,7.327,0,Boa
182,2026-01-08 13:00:00,Noite,M2,Peça C,Linha 2,F04,P022,OP010,Intermediária,Moderado,Normal,183.938,363.089,6.246,6.184,34.591,2.573,60.042,89.158,89.173,41.394,15.45,59,1280.285,1.195,4317,8.585,1,Atenção
183,2026-01-08 14:00:00,Tarde,M2,Peça C,Linha 2,F08,P019,OP035,Atrasada,Leve,Atenção,175.341,347.615,5.573,5.613,36.498,2.79,61.532,93.357,94.923,45.06,30.25,77,1221.981,1.312,2722,10.313,1,Crítica
184,2026-01-08 15:00:00,Manhã,M3,Peça A,Linha 1,F03,P002,OP020,Intermediária,Moderado,Crítica,183.127,361.629,6.815,6.83,33.826,3.006,54.237,96.484,96.712,38.4,18.146,62,1184.582,-0.272,9540,7.643,0,Atenção
185,2026-01-08 16:00:00,Noite,M3,Peça A,Linha 2,F01,P018,OP039,Atrasada,Severo,Normal,178.488,353.278,5.818,5.795,32.743,2.653,59.493,93.591,93.607,40.868,27.219,94,1258.43,-0.005,8177,7.692,0,Atenção
186,2026-01-08 17:00:00,Tarde,M1,Peça A,Linha 3,F02,P009,OP030,Intermediária,Moderado,Atenção,177.425,351.365,5.823,5.798,36.278,5.163,61.338,94.73,94.804,41.388,31.53,52,1230.072,-2.479,7767,10.041,1,Crítica
187,2026-01-08 18:00:00,Manhã,M4,Peça B,Linha 2,F13,P012,OP002,Intermediária,Leve,Normal,178.064,352.515,6.623,6.68,31.967,3.092,56.705,90.481,90.881,40.657,26.724,42,1202.005,-0.196,5234,6.502,0,Boa
188,2026-01-08 19:00:00,Manhã,M1,Peça B,Linha 2,F17,P025,OP009,Recente,Leve,Normal,177.962,352.331,6.273,6.315,32.34,2.418,53.787,97.372,97.999,45.443,13.966,23,1071.016,1.091,1247,5.273,0,Boa
189,2026-01-08 20:00:00,Noite,M4,Peça B,Linha 1,F02,P018,OP017,Intermediária,Severo,Crítica,191.825,377.285,6.99,6.987,37.165,4.538,42.715,102.044,101.32,44.797,23.006,63,1221.197,0.897,6745,8.665,1,Atenção
190,2026-01-08 21:00:00,Manhã,M1,Peça A,Linha 2,F04,P003,OP009,Atrasada,Moderado,Normal,186.002,366.804,6.088,6.092,37.106,2.429,60.093,101.934,100.876,46.433,19.152,77,1303.437,-0.086,5387,8.141,0,Atenção
191,2026-01-08 22:00:00,Noite,M1,Peça C,Linha 3,F03,P003,OP006,Recente,Moderado,Normal,180.643,357.158,5.765,5.746,32.535,2.84,55.358,92.668,94.038,41.552,14.231,30,1151.797,1.699,3677,6.573,0,Boa
192,2026-01-08 23:00:00,Manhã,M3,Peça C,Linha 1,F01,P006,OP040,Recente,Leve,Normal,181.068,357.923,5.725,5.729,30.639,2.854,51.484,95.873,94.232,47.38,23.266,7,1168.721,-0.384,3835,6.215,0,Boa
193,2026-01-09 00:00:00,Manhã,M1,Peça A,Linha 1,F09,P007,OP035,Recente,Leve,Normal,183.19,361.742,5.169,5.149,36.39,3.341,65.861,91.892,93.53,36.817,25.362,0,1157.433,-0.716,1521,6.995,0,Boa
194,2026-01-09 01:00:00,Noite,M2,Peça C,Linha 2,F12,P023,OP018,Intermediária,Moderado,Atenção,186.176,367.117,5.851,5.848,34.641,3.712,42.863,95.771,93.861,37.534,29.444,60,1227.24,-0.468,8844,8.568,0,Atenção
195,2026-01-09 02:00:00,Manhã,M2,Peça B,Linha 2,F11,P006,OP009,Intermediária,Moderado,Crítica,175.985,348.773,6.491,6.545,33.187,5.484,68.974,85.772,85.188,37.748,30.576,62,1222.847,-1.122,2484,11.745,1,Crítica
196,2026-01-09 03:00:00,Manhã,M1,Peça B,Linha 2,F06,P040,OP008,Recente,Leve,Normal,178.397,353.115,6.245,6.243,31.274,3.221,54.811,89.671,90.643,42.395,22.809,11,1270.726,0.622,8317,7.698,0,Atenção
197,2026-01-09 04:00:00,Tarde,M3,Peça A,Linha 1,F09,P007,OP037,Recente,Leve,Normal,171.726,341.106,6.009,5.978,32.995,3.398,57.699,93.152,93.152,46.569,20.52,2,1097.785,0.288,9756,6.014,0,Boa
198,2026-01-09 05:00:00,Noite,M4,Peça C,Linha 1,F02,P003,OP014,Intermediária,Severo,Crítica,187.84,370.112,5.552,5.511,31.935,3.471,51.642,102.992,101.676,40.522,20.522,62,1231.434,0.61,1413,9.354,1,Crítica
199,2026-01-09 06:00:00,Manhã,M4,Peça D,Linha 2,F03,P040,OP001,Intermediária,Leve,Crítica,192.738,378.929,6.078,6.082,30.247,3.372,40.83,90.693,91.12,41.449,22.32,37,1217.722,-0.414,6611,9.894,1,Crítica
200,2026-01-09 07:00:00,Manhã,M2,Peça C,Linha 2,F19,P010,OP016,Intermediária,Leve,Normal,180.716,357.29,6.432,6.409,32.627,4.0,53.813,91.015,91.082,41.989,17.192,39,1150.075,-0.058,1600,7.753,0,Atenção
201,2026-01-09 08:00:00,Noite,M2,Peça C,Linha 2,F14,P015,OP019,Recente,Leve,Atenção,169.25,336.65,6.17,6.177,33.036,3.659,57.845,94.211,93.995,44.987,18.849,24,1157.334,-2.178,8478,9.211,1,Crítica
202,2026-01-09 09:00:00,Noite,M1,Peça D,Linha 2,F19,P049,OP025,Atrasada,Moderado,Normal,181.966,359.539,6.051,6.002,31.114,2.601,60.748,99.489,98.865,41.445,27.974,68,1178.431,0.376,5564,6.31,0,Boa
203,2026-01-09 10:00:00,Tarde,M1,Peça A,Linha 2,F19,P047,OP014,Atrasada,Moderado,Crítica,174.099,345.378,5.617,5.638,34.951,2.826,53.317,94.805,94.77,39.973,26.893,70,1160.426,0.099,1193,6.207,0,Boa
204,2026-01-09 11:00:00,Manhã,M1,Peça B,Linha 2,F11,P029,OP037,Recente,Leve,Normal,175.351,347.631,6.366,6.334,36.106,2.677,36.363,97.036,96.454,37.247,40.708,4,1261.878,-1.101,7950,4.085,0,Boa
205,2026-01-09 12:00:00,Manhã,M4,Peça B,Linha 2,F19,P003,OP026,Recente,Leve,Normal,185.258,365.465,4.567,4.568,35.15,2.989,41.896,96.591,99.026,40.187,14.565,8,1327.949,-0.105,7888,6.503,0,Boa
206,2026-01-09 13:00:00,Manhã,M4,Peça D,Linha 2,F07,P022,OP040,Intermediária,Moderado,Atenção,183.324,361.983,6.148,6.138,31.411,4.017,72.442,94.75,94.51,47.734,25.409,52,1162.621,-0.258,9323,9.385,1,Crítica
207,2026-01-09 14:00:00,Manhã,M3,Peça A,Linha 2,F01,P055,OP015,Intermediária,Moderado,Normal,178.662,353.591,7.133,7.184,34.507,3.08,45.713,96.107,95.733,42.346,18.018,57,1215.311,1.764,5364,6.977,0,Boa
208,2026-01-09 15:00:00,Tarde,M2,Peça A,Linha 1,F01,P047,OP027,Recente,Leve,Normal,176.922,350.46,5.321,5.326,32.234,2.381,67.13,91.387,90.845,39.189,20.713,13,1212.674,-1.061,9395,7.237,0,Boa
209,2026-01-09 16:00:00,Manhã,M2,Peça C,Linha 1,F02,P004,OP015,Recente,Leve,Normal,180.954,357.718,5.891,5.95,28.293,2.201,47.06,95.896,97.673,47.507,21.117,15,1111.573,0.331,6987,2.011,0,Boa
210,2026-01-09 17:00:00,Tarde,M2,Peça A,Linha 2,F02,P014,OP028,Intermediária,Leve,Normal,178.171,352.707,5.972,5.989,34.258,1.984,53.449,90.502,88.863,39.776,32.189,64,1284.559,-1.091,5733,5.474,0,Boa
211,2026-01-09 18:00:00,Tarde,M2,Peça C,Linha 3,F05,P011,OP030,Intermediária,Leve,Atenção,174.532,346.158,5.736,5.779,32.998,2.921,60.314,97.962,98.321,48.206,22.742,43,1123.145,-0.558,4223,8.627,1,Atenção
212,2026-01-09 19:00:00,Tarde,M2,Peça A,Linha 2,F12,P005,OP013,Recente,Leve,Normal,178.571,353.427,6.442,6.436,40.021,2.945,48.028,101.384,101.144,47.334,21.732,11,1381.119,0.277,3636,5.983,0,Boa
213,2026-01-09 20:00:00,Manhã,M1,Peça D,Linha 1,F14,P028,OP038,Intermediária,Moderado,Normal,180.566,357.019,6.213,6.223,36.372,2.483,68.534,97.622,96.199,43.473,23.978,57,1329.364,-0.211,6587,5.485,0,Boa
214,2026-01-09 21:00:00,Noite,M1,Peça C,Linha 2,F10,P009,OP035,Recente,Leve,Normal,177.874,352.173,6.045,6.081,34.373,3.385,55.644,89.741,88.922,37.116,14.074,6,1299.549,-0.006,7655,6.431,0,Boa
215,2026-01-09 22:00:00,Tarde,M4,Peça A,Linha 1,F02,P012,OP036,Recente,Moderado,Normal,174.65,346.37,6.359,6.386,32.748,3.607,58.917,92.702,93.019,50.7,19.767,21,1083.977,0.333,1320,3.125,0,Boa
216,2026-01-09 23:00:00,Noite,M2,Peça C,Linha 2,F13,P003,OP009,Atrasada,Moderado,Crítica,185.443,365.798,5.984,5.999,32.731,3.537,52.725,99.793,98.929,44.282,25.068,67,1117.976,-0.494,4706,7.328,0,Boa
217,2026-01-10 00:00:00,Manhã,M4,Peça A,Linha 3,F06,P018,OP029,Recente,Leve,Atenção,167.758,333.965,7.375,7.365,29.549,3.531,60.599,89.355,89.614,40.769,24.123,21,1126.9,0.884,1410,10.296,1,Crítica
218,2026-01-10 01:00:00,Manhã,M1,Peça B,Linha 2,F01,P005,OP005,Recente,Leve,Normal,176.479,349.662,6.044,6.039,27.023,2.36,68.42,92.28,94.01,45.993,25.834,6,1068.108,-0.305,4569,5.995,0,Boa
219,2026-01-10 02:00:00,Noite,M2,Peça B,Linha 2,F04,P015,OP005,Atrasada,Severo,Atenção,177.075,350.735,6.064,6.098,29.622,3.146,53.884,89.748,89.919,45.029,27.872,91,1011.891,-0.098,8188,7.34,0,Boa
220,2026-01-10 03:00:00,Tarde,M1,Peça C,Linha 1,F05,P005,OP039,Recente,Leve,Normal,179.571,355.227,5.23,5.271,31.857,2.141,69.703,95.741,94.288,47.792,22.167,21,1168.564,0.361,7216,3.46,0,Boa
221,2026-01-10 04:00:00,Manhã,M1,Peça A,Linha 1,F04,P048,OP007,Intermediária,Moderado,Normal,181.721,359.097,5.755,5.738,25.683,3.151,49.801,86.388,85.541,39.483,15.515,48,1163.167,0.227,2120,4.685,0,Boa
222,2026-01-10 05:00:00,Tarde,M1,Peça A,Linha 3,F15,P005,OP035,Atrasada,Moderado,Normal,184.659,364.387,6.46,6.438,30.927,2.191,61.495,95.473,95.188,43.21,31.478,78,1188.804,0.644,7451,7.722,0,Atenção
223,2026-01-10 06:00:00,Tarde,M1,Peça B,Linha 2,F13,P019,OP018,Atrasada,Severo,Crítica,175.095,347.172,5.375,5.348,31.497,5.46,59.157,93.022,92.67,37.854,25.345,94,1161.41,0.317,1125,14.86,1,Crítica
224,2026-01-10 07:00:00,Noite,M4,Peça B,Linha 2,F12,P007,OP013,Atrasada,Severo,Atenção,185.05,365.09,5.005,5.03,31.594,3.502,45.917,96.559,96.711,44.892,32.563,76,1106.778,0.469,1111,8.128,0,Atenção
225,2026-01-10 08:00:00,Manhã,M2,Peça B,Linha 1,F02,P003,OP003,Intermediária,Leve,Normal,181.318,358.373,6.015,5.987,30.015,3.763,56.817,90.872,91.184,42.273,32.459,32,1162.348,-0.325,9211,5.427,0,Boa
226,2026-01-10 09:00:00,Noite,M3,Peça A,Linha 1,F15,P007,OP028,Atrasada,Moderado,Atenção,172.3,342.14,6.617,6.641,30.975,2.62,55.063,91.411,93.141,43.068,27.353,81,1146.885,-1.069,1294,7.78,0,Atenção
227,2026-01-10 10:00:00,Manhã,M2,Peça A,Linha 1,F12,P002,OP029,Recente,Leve,Normal,190.183,374.329,6.019,6.035,37.172,2.559,47.748,101.53,101.527,41.444,15.94,1,1305.566,-1.428,3389,6.352,0,Boa
228,2026-01-10 11:00:00,Tarde,M2,Peça C,Linha 1,F03,P005,OP019,Recente,Leve,Atenção,172.818,343.073,5.849,5.832,33.986,3.41,58.043,93.871,92.719,41.856,24.3,30,1254.865,-1.671,2187,6.163,0,Boa
229,2026-01-10 12:00:00,Tarde,M2,Peça A,Linha 1,F11,P018,OP033,Recente,Leve,Atenção,182.481,360.466,5.164,5.211,30.319,3.761,56.243,92.588,93.742,38.701,25.532,18,1240.352,1.763,6240,6.286,0,Boa
230,2026-01-10 13:00:00,Manhã,M1,Peça A,Linha 3,F08,P025,OP013,Intermediária,Moderado,Normal,180.828,357.49,6.148,6.104,32.355,3.883,54.383,100.869,102.132,45.004,24.107,50,1099.436,-2.213,5699,8.224,0,Atenção
231,2026-01-10 14:00:00,Manhã,M4,Peça D,Linha 2,F07,P003,OP023,Atrasada,Moderado,Crítica,183.433,362.18,6.274,6.323,32.155,3.929,54.417,94.115,94.347,48.921,25.336,84,1149.642,1.194,8549,9.465,1,Crítica
232,2026-01-10 15:00:00,Tarde,M3,Peça A,Linha 1,F02,P016,OP012,Atrasada,Severo,Atenção,178.628,353.531,5.198,5.208,29.696,4.545,54.235,95.269,95.022,39.885,31.221,73,1133.529,-0.821,9882,8.214,0,Atenção
233,2026-01-10 16:00:00,Noite,M3,Peça C,Linha 1,F08,P022,OP024,Atrasada,Severo,Crítica,185.502,365.903,6.511,6.448,29.693,3.324,51.875,91.228,91.85,44.913,32.505,94,1114.155,1.186,7712,6.456,0,Boa
234,2026-01-10 17:00:00,Tarde,M2,Peça A,Linha 1,F02,P008,OP006,Recente,Leve,Crítica,172.186,341.935,6.345,6.392,35.032,3.714,56.189,97.55,97.339,43.642,20.962,13,1276.937,-2.203,5199,7.099,0,Boa
235,2026-01-10 18:00:00,Noite,M1,Peça C,Linha 3,F03,P013,OP020,Atrasada,Moderado,Normal,178.458,353.224,6.454,6.483,31.301,2.35,49.527,96.358,94.303,42.841,17.756,71,1221.914,-0.235,1419,6.991,0,Boa
236,2026-01-10 19:00:00,Noite,M4,Peça C,Linha 1,F02,P003,OP022,Atrasada,Moderado,Atenção,179.068,354.322,6.263,6.25,28.716,4.085,77.583,89.889,90.453,37.009,30.178,68,1241.73,1.454,9300,7.386,0,Boa
237,2026-01-10 20:00:00,Tarde,M2,Peça C,Linha 2,F21,P008,OP023,Intermediária,Leve,Normal,176.778,350.2,6.27,6.241,32.111,1.64,43.021,89.397,90.289,37.864,20.836,43,1238.478,0.713,6047,6.001,0,Boa
238,2026-01-10 21:00:00,Noite,M1,Peça A,Linha 3,F04,P017,OP018,Recente,Leve,Normal,181.029,357.853,6.178,6.131,32.914,2.071,50.03,88.602,90.043,39.032,24.006,9,1212.626,-0.337,2956,4.915,0,Boa
239,2026-01-10 22:00:00,Manhã,M2,Peça B,Linha 1,F06,P055,OP026,Recente,Leve,Atenção,185.903,366.625,6.391,6.463,26.082,3.375,50.701,87.953,87.222,34.232,23.627,9,1114.679,-1.943,5875,4.682,0,Boa
240,2026-01-10 23:00:00,Manhã,M3,Peça C,Linha 2,F05,P057,OP021,Atrasada,Moderado,Atenção,179.415,354.947,5.158,5.13,32.118,2.659,72.344,96.833,97.059,48.161,17.546,86,1036.911,-1.322,4525,9.154,1,Crítica
241,2026-01-11 00:00:00,Noite,M3,Peça A,Linha 3,F18,P052,OP012,Recente,Moderado,Normal,185.26,365.467,5.269,5.231,35.164,3.628,43.779,95.168,95.416,43.397,24.726,28,1309.554,1.389,4150,6.838,0,Boa
242,2026-01-11 01:00:00,Noite,M3,Peça A,Linha 1,F09,P015,OP009,Intermediária,Moderado,Atenção,181.459,358.626,5.669,5.677,33.354,3.939,58.62,95.782,95.868,41.886,29.887,60,1187.849,-0.348,5079,6.297,0,Boa
243,2026-01-11 02:00:00,Manhã,M3,Peça A,Linha 1,F19,P003,OP026,Atrasada,Moderado,Crítica,176.558,349.804,5.942,5.892,38.689,3.024,57.111,91.937,92.052,33.677,32.943,89,1391.023,-0.072,7781,8.034,0,Atenção
244,2026-01-11 03:00:00,Tarde,M1,Peça D,Linha 3,F05,P011,OP038,Intermediária,Leve,Normal,177.459,351.426,6.119,6.089,36.313,2.422,57.836,94.975,95.012,36.329,26.384,46,1340.075,0.284,2474,6.142,0,Boa
245,2026-01-11 04:00:00,Tarde,M4,Peça B,Linha 3,F02,P008,OP031,Recente,Leve,Normal,180.443,356.797,6.09,6.12,36.907,3.414,65.509,93.963,94.175,42.351,11.657,19,1193.146,-1.303,9675,5.484,0,Boa
246,2026-01-11 05:00:00,Noite,M2,Peça B,Linha 2,F09,P001,OP026,Intermediária,Leve,Normal,176.677,350.019,6.479,6.493,40.64,2.444,65.335,100.774,101.515,49.848,33.342,46,1227.189,0.407,1561,6.298,0,Boa
247,2026-01-11 06:00:00,Tarde,M3,Peça C,Linha 2,F05,P003,OP037,Recente,Moderado,Normal,183.428,362.171,6.493,6.481,34.514,3.446,51.167,95.407,96.627,40.155,26.146,21,1332.996,-0.42,2324,7.619,0,Atenção
248,2026-01-11 07:00:00,Tarde,M1,Peça B,Linha 1,F15,P016,OP036,Recente,Leve,Normal,180.02,356.036,5.607,5.608,32.489,2.938,56.649,92.178,91.422,45.642,16.14,17,1182.735,0.294,7085,4.452,0,Boa
249,2026-01-11 08:00:00,Manhã,M4,Peça B,Linha 3,F17,P012,OP021,Atrasada,Severo,Crítica,173.729,344.712,6.051,6.038,35.481,3.523,39.155,92.954,92.782,40.536,23.433,77,1220.072,-0.578,2306,5.782,0,Boa
250,2026-01-11 09:00:00,Tarde,M1,Peça B,Linha 2,F07,P006,OP005,Intermediária,Moderado,Crítica,170.212,338.382,5.594,5.593,30.562,3.96,55.842,88.836,88.413,42.57,25.947,32,1144.551,-1.573,7998,10.145,1,Crítica
251,2026-01-11 10:00:00,Tarde,M1,Peça B,Linha 1,F22,P029,OP026,Intermediária,Moderado,Normal,181.008,357.815,5.915,5.892,32.323,2.404,48.251,92.5,91.934,46.976,31.279,65,1218.159,-0.427,7611,5.662,0,Boa
252,2026-01-11 11:00:00,Noite,M2,Peça A,Linha 2,F09,P012,OP025,Atrasada,Severo,Atenção,176.061,348.909,6.121,6.103,30.297,3.904,53.416,95.815,94.199,40.685,24.592,69,1216.604,0.641,4868,7.743,0,Atenção
253,2026-01-11 12:00:00,Tarde,M1,Peça C,Linha 3,F04,P038,OP012,Intermediária,Leve,Normal,180.371,356.667,4.5,4.482,33.754,2.285,40.674,93.641,93.665,40.188,31.113,52,1138.293,0.394,5089,7.504,0,Atenção
254,2026-01-11 13:00:00,Manhã,M1,Peça C,Linha 3,F08,P008,OP034,Intermediária,Moderado,Atenção,182.861,361.15,7.029,7.007,30.604,3.009,58.441,89.563,90.042,48.199,15.323,51,1211.543,0.031,9998,6.368,0,Boa
255,2026-01-11 14:00:00,Manhã,M3,Peça A,Linha 1,F01,P020,OP035,Recente,Moderado,Atenção,174.591,346.264,6.255,6.286,29.939,4.119,40.579,90.533,90.378,42.173,17.105,17,1201.663,0.898,8156,7.306,0,Boa
256,2026-01-11 15:00:00,Noite,M2,Peça B,Linha 1,F15,P006,OP014,Intermediária,Moderado,Atenção,172.96,343.328,5.732,5.755,33.24,3.807,56.26,97.622,97.613,46.507,13.614,50,1163.633,-0.204,6687,8.093,0,Atenção
257,2026-01-11 16:00:00,Noite,M4,Peça A,Linha 3,F02,P018,OP020,Atrasada,Moderado,Crítica,190.707,375.273,6.811,6.783,32.147,3.377,44.575,93.357,93.776,39.396,22.296,71,1131.368,0.056,2269,6.421,0,Boa
258,2026-01-11 17:00:00,Manhã,M1,Peça D,Linha 3,F05,P005,OP008,Recente,Leve,Normal,180.628,357.131,5.788,5.752,26.777,3.413,47.778,97.586,98.997,48.605,32.488,18,1104.997,-0.48,6306,6.315,0,Boa
259,2026-01-11 18:00:00,Manhã,M3,Peça C,Linha 2,F09,P006,OP008,Recente,Leve,Normal,179.02,354.236,6.036,6.031,27.873,3.786,64.815,89.582,89.163,43.85,36.107,22,1123.357,0.957,1358,6.31,0,Boa
260,2026-01-11 19:00:00,Tarde,M2,Peça D,Linha 2,F01,P023,OP011,Intermediária,Moderado,Atenção,175.444,347.798,5.757,5.821,28.798,2.901,59.997,93.112,91.941,44.912,28.608,65,1016.514,0.292,3266,9.401,1,Crítica
261,2026-01-11 20:00:00,Manhã,M3,Peça A,Linha 2,F02,P009,OP015,Atrasada,Severo,Atenção,178.546,353.382,6.719,6.689,29.591,3.75,64.768,95.721,95.631,42.5,25.609,93,1121.213,-0.557,7280,7.769,0,Atenção
262,2026-01-11 21:00:00,Noite,M2,Peça A,Linha 1,F12,P006,OP011,Intermediária,Moderado,Crítica,174.109,345.396,5.953,5.948,33.243,4.211,68.258,96.111,97.994,40.079,23.63,37,1405.395,-1.489,4668,9.565,1,Crítica
263,2026-01-11 22:00:00,Manhã,M2,Peça A,Linha 1,F01,P045,OP007,Atrasada,Moderado,Crítica,184.894,364.809,6.067,6.07,32.657,3.307,48.431,91.744,90.583,41.994,31.08,78,1194.858,1.105,9951,6.933,0,Boa
264,2026-01-11 23:00:00,Manhã,M4,Peça A,Linha 1,F08,P002,OP018,Recente,Leve,Normal,177.961,352.33,6.542,6.538,35.196,4.018,67.741,92.652,93.302,40.318,13.982,17,1206.78,-0.744,9453,6.343,0,Boa
265,2026-01-12 00:00:00,Noite,M2,Peça A,Linha 1,F05,P021,OP025,Intermediária,Moderado,Crítica,185.986,366.775,6.263,6.25,34.258,3.437,42.543,101.15,102.308,45.646,22.885,54,1136.618,0.072,1853,6.156,0,Boa
266,2026-01-12 01:00:00,Manhã,M1,Peça A,Linha 3,F04,P020,OP014,Atrasada,Moderado,Normal,176.717,350.09,5.92,5.954,35.776,1.85,61.342,94.32,91.955,41.228,37.729,89,1361.69,2.353,8950,6.838,0,Boa
267,2026-01-12 02:00:00,Manhã,M3,Peça D,Linha 1,F03,P009,OP022,Intermediária,Moderado,Atenção,175.775,348.394,6.5,6.513,33.825,3.901,50.807,96.987,97.397,37.573,19.006,41,1296.706,0.802,8778,6.04,0,Boa
268,2026-01-12 03:00:00,Manhã,M3,Peça A,Linha 1,F14,P016,OP011,Intermediária,Leve,Normal,178.983,354.17,7.142,7.168,32.629,2.689,47.092,92.36,92.963,35.618,21.346,48,1322.442,1.611,1955,4.095,0,Boa
269,2026-01-12 04:00:00,Manhã,M1,Peça A,Linha 2,F20,P003,OP029,Recente,Leve,Crítica,165.154,329.278,6.119,6.137,35.538,2.417,60.223,92.763,92.496,35.438,23.199,14,1306.507,-0.538,4467,9.022,1,Crítica
270,2026-01-12 05:00:00,Manhã,M2,Peça C,Linha 1,F02,P029,OP026,Intermediária,Moderado,Normal,179.672,355.41,6.053,6.079,34.758,4.567,63.032,93.246,92.6,45.158,27.699,50,1284.781,1.071,9536,7.125,0,Boa
271,2026-01-12 06:00:00,Manhã,M4,Peça B,Linha 1,F21,P008,OP039,Intermediária,Moderado,Normal,181.115,358.008,6.077,6.124,33.128,3.557,62.78,92.332,91.741,37.984,22.65,55,1179.52,0.027,1151,7.336,0,Boa
272,2026-01-12 07:00:00,Manhã,M3,Peça C,Linha 2,F10,P007,OP003,Atrasada,Severo,Atenção,185.489,365.88,6.566,6.606,36.053,3.031,56.826,96.114,95.785,43.95,29.902,93,1251.061,0.366,1527,8.482,0,Atenção
273,2026-01-12 08:00:00,Manhã,M4,Peça B,Linha 1,F11,P011,OP035,Recente,Leve,Atenção,172.191,341.944,5.73,5.8,24.963,4.471,56.122,89.249,88.947,42.879,27.168,19,1066.398,2.021,5589,6.521,0,Boa
274,2026-01-12 09:00:00,Tarde,M2,Peça C,Linha 2,F12,P042,OP014,Intermediária,Moderado,Normal,186.342,367.415,5.851,5.887,31.369,2.546,59.478,96.216,95.726,42.564,36.489,34,1249.633,-0.279,9577,8.661,1,Atenção
275,2026-01-12 10:00:00,Tarde,M3,Peça B,Linha 3,F12,P034,OP003,Intermediária,Moderado,Atenção,185.467,365.841,5.252,5.232,31.643,3.131,57.582,97.295,96.951,44.026,26.123,61,1180.516,0.019,3509,9.158,1,Crítica
276,2026-01-12 11:00:00,Tarde,M1,Peça B,Linha 1,F15,P047,OP028,Atrasada,Moderado,Atenção,185.311,365.559,5.467,5.493,35.458,3.684,59.602,96.322,97.512,42.962,28.872,89,1199.983,-0.903,7954,9.459,1,Crítica
277,2026-01-12 12:00:00,Manhã,M4,Peça B,Linha 3,F08,P025,OP007,Recente,Moderado,Normal,181.726,359.107,5.711,5.732,37.274,3.75,56.734,93.135,91.921,32.063,32.925,22,1350.339,0.888,7239,7.228,0,Boa
278,2026-01-12 13:00:00,Tarde,M2,Peça B,Linha 3,F09,P026,OP008,Atrasada,Moderado,Atenção,185.572,366.03,5.919,5.976,28.209,2.057,62.164,92.81,91.061,41.13,23.985,66,1019.274,-0.561,2314,7.743,0,Atenção
279,2026-01-12 14:00:00,Noite,M3,Peça A,Linha 3,F05,P017,OP040,Atrasada,Moderado,Atenção,173.55,344.389,6.74,6.711,36.794,3.704,41.169,92.776,93.983,43.615,20.694,83,1117.717,1.023,3590,7.732,0,Atenção
280,2026-01-12 15:00:00,Noite,M2,Peça B,Linha 2,F02,P042,OP009,Intermediária,Moderado,Normal,184.008,363.214,6.217,6.234,28.726,2.814,53.884,98.203,98.011,48.593,28.301,60,1126.791,-1.65,6616,6.335,0,Boa
281,2026-01-12 16:00:00,Manhã,M2,Peça A,Linha 2,F11,P019,OP022,Intermediária,Moderado,Atenção,176.29,349.322,5.566,5.545,28.816,4.001,43.237,92.662,92.274,48.409,31.657,40,1057.35,0.549,5334,7.863,0,Atenção
282,2026-01-12 17:00:00,Manhã,M3,Peça C,Linha 2,F01,P012,OP009,Recente,Leve,Atenção,172.613,342.703,5.648,5.664,31.537,3.118,57.352,90.557,90.446,37.63,25.926,22,1188.573,-0.644,3135,7.754,0,Atenção
283,2026-01-12 18:00:00,Manhã,M2,Peça A,Linha 2,F04,P025,OP005,Recente,Leve,Atenção,174.454,346.018,6.595,6.588,31.285,3.683,68.956,94.242,94.451,40.671,23.578,27,1228.296,0.731,2804,8.217,0,Atenção
284,2026-01-12 19:00:00,Manhã,M4,Peça A,Linha 1,F02,P020,OP001,Recente,Moderado,Normal,182.029,359.652,6.507,6.521,27.325,4.804,50.97,90.639,90.115,36.049,13.63,4,1223.325,-0.014,6014,6.302,0,Boa
285,2026-01-12 20:00:00,Tarde,M2,Peça A,Linha 3,F03,P004,OP001,Recente,Leve,Normal,176.014,348.825,5.957,5.914,34.51,2.447,56.082,91.899,92.405,47.776,22.77,14,1218.814,-0.535,8452,8.359,0,Atenção
286,2026-01-12 21:00:00,Tarde,M3,Peça C,Linha 2,F11,P014,OP019,Intermediária,Moderado,Atenção,183.156,361.68,5.777,5.801,34.278,3.386,61.43,95.201,94.239,46.659,32.679,41,1306.08,-0.387,4716,7.59,0,Atenção
287,2026-01-12 22:00:00,Manhã,M2,Peça A,Linha 2,F10,P011,OP018,Recente,Leve,Crítica,170.897,339.615,6.482,6.488,35.402,3.253,37.424,98.541,98.239,43.332,15.635,13,1264.074,-0.85,9327,8.763,1,Atenção
288,2026-01-12 23:00:00,Manhã,M2,Peça B,Linha 1,F07,P037,OP002,Recente,Leve,Crítica,169.239,336.63,5.553,5.558,30.7,2.515,50.562,92.041,89.826,42.991,20.532,0,1169.788,0.838,7004,8.185,0,Atenção
289,2026-01-13 00:00:00,Tarde,M2,Peça C,Linha 1,F02,P013,OP014,Intermediária,Moderado,Normal,187.436,369.386,6.176,6.235,31.881,3.338,58.098,92.344,93.517,48.056,24.875,65,1151.891,-1.049,4629,8.662,1,Atenção
290,2026-01-13 01:00:00,Manhã,M1,Peça A,Linha 2,F07,P035,OP011,Recente,Leve,Normal,183.5,362.3,6.999,6.987,32.149,2.654,30.376,96.939,96.763,46.603,18.294,6,1075.326,-0.267,7361,4.924,0,Boa
291,2026-01-13 02:00:00,Noite,M1,Peça C,Linha 2,F05,P016,OP023,Recente,Leve,Normal,173.344,344.019,6.068,6.079,37.304,2.803,46.697,96.517,97.187,47.211,24.528,13,1298.358,0.345,5039,6.674,0,Boa
292,2026-01-13 03:00:00,Manhã,M3,Peça A,Linha 1,F13,P031,OP040,Intermediária,Moderado,Normal,181.184,358.132,5.651,5.654,23.497,3.382,64.357,86.003,86.48,43.735,29.14,56,870.075,1.613,7809,6.472,0,Boa
293,2026-01-13 04:00:00,Noite,M3,Peça A,Linha 1,F09,P005,OP028,Atrasada,Moderado,Crítica,186.501,367.703,6.185,6.191,29.129,3.396,63.525,89.902,90.452,40.673,31.557,87,1104.439,-0.009,9843,9.049,1,Crítica
294,2026-01-13 05:00:00,Manhã,M3,Peça B,Linha 1,F08,P044,OP037,Atrasada,Moderado,Atenção,183.38,362.084,5.788,5.855,32.017,3.529,58.182,98.926,98.919,45.275,21.579,68,1160.75,-0.243,8090,8.182,0,Atenção
295,2026-01-13 06:00:00,Noite,M1,Peça C,Linha 2,F08,P017,OP008,Recente,Leve,Normal,179.571,355.227,5.349,5.351,28.983,2.573,62.499,87.131,87.519,45.911,12.364,3,1052.937,0.274,2278,6.077,0,Boa
296,2026-01-13 07:00:00,Noite,M2,Peça A,Linha 1,F21,P009,OP009,Recente,Leve,Normal,185.995,366.791,6.315,6.298,31.225,2.639,56.828,92.293,91.332,41.276,24.774,15,1146.016,-2.073,1644,7.67,0,Atenção
297,2026-01-13 08:00:00,Noite,M1,Peça B,Linha 3,F13,P008,OP031,Atrasada,Moderado,Atenção,175.0,347.001,6.447,6.503,32.182,2.795,59.721,94.362,93.191,41.025,24.564,70,1302.458,-1.199,8276,7.526,0,Atenção
298,2026-01-13 09:00:00,Noite,M3,Peça A,Linha 1,F08,P009,OP013,Atrasada,Moderado,Normal,181.362,358.452,5.86,5.851,30.027,3.321,52.317,99.584,99.483,46.307,38.55,69,1182.58,-0.375,8624,7.423,0,Atenção
299,2026-01-13 10:00:00,Noite,M4,Peça B,Linha 1,F08,P013,OP034,Intermediária,Moderado,Normal,181.907,359.433,5.83,5.782,32.193,3.437,55.984,97.966,97.286,48.684,36.267,37,1097.546,-0.713,6104,7.332,0,Boa
300,2026-01-13 11:00:00,Tarde,M1,Peça B,Linha 1,F01,P029,OP019,Atrasada,Moderado,Atenção,177.382,351.287,5.567,5.545,33.884,3.083,49.625,91.869,93.295,39.512,41.144,90,1205.16,-1.601,3204,8.869,1,Atenção
301,2026-01-13 12:00:00,Noite,M3,Peça B,Linha 2,F20,P047,OP009,Atrasada,Moderado,Normal,179.173,354.511,5.909,5.871,31.531,2.242,65.74,97.954,98.329,41.359,23.079,84,1101.427,0.858,8925,6.027,0,Boa
302,2026-01-13 13:00:00,Manhã,M1,Peça B,Linha 2,F05,P026,OP034,Atrasada,Moderado,Normal,179.179,354.522,5.723,5.669,30.88,2.397,67.933,90.143,89.426,43.694,31.016,70,1192.292,0.26,5035,7.843,0,Atenção
303,2026-01-13 14:00:00,Tarde,M1,Peça A,Linha 2,F04,P020,OP023,Atrasada,Moderado,Normal,178.979,354.162,5.521,5.51,31.743,2.618,66.729,95.225,94.953,43.849,32.906,71,1149.441,0.14,3631,5.93,0,Boa
304,2026-01-13 15:00:00,Tarde,M1,Peça B,Linha 3,F25,P016,OP033,Atrasada,Moderado,Crítica,173.348,344.027,6.795,6.793,32.538,2.316,51.531,93.844,93.977,40.375,32.47,74,1085.065,-0.694,4295,7.839,0,Atenção
305,2026-01-13 16:00:00,Noite,M1,Peça B,Linha 1,F12,P036,OP019,Recente,Leve,Normal,182.969,361.345,6.21,6.245,26.779,3.931,46.893,90.793,90.725,49.517,20.994,14,1041.448,0.079,3665,8.049,0,Atenção
306,2026-01-13 17:00:00,Tarde,M3,Peça B,Linha 2,F01,P038,OP006,Atrasada,Moderado,Normal,176.123,349.021,6.234,6.252,33.625,3.434,65.854,97.464,97.736,43.964,34.955,66,1223.835,0.514,3541,7.939,0,Atenção
307,2026-01-13 18:00:00,Tarde,M4,Peça A,Linha 1,F01,P010,OP028,Atrasada,Severo,Atenção,180.865,357.557,6.398,6.415,30.647,3.765,59.623,93.02,93.089,44.019,29.123,89,1201.3,-0.265,3932,9.28,1,Crítica
308,2026-01-13 19:00:00,Tarde,M1,Peça B,Linha 1,F01,P048,OP005,Recente,Leve,Normal,177.265,351.076,6.347,6.32,35.785,2.558,57.793,100.131,98.74,49.044,24.449,21,1196.415,0.445,7066,5.456,0,Boa
309,2026-01-13 20:00:00,Manhã,M2,Peça A,Linha 2,F10,P014,OP027,Recente,Leve,Normal,182.162,359.892,5.79,5.817,34.013,2.99,49.614,90.15,87.999,40.294,12.853,1,1207.822,-0.796,1149,6.579,0,Boa
310,2026-01-13 21:00:00,Manhã,M3,Peça A,Linha 1,F01,P034,OP017,Intermediária,Leve,Crítica,170.181,338.325,6.123,6.164,35.51,2.56,58.618,96.438,96.064,41.664,28.589,34,1366.712,0.097,4265,9.013,1,Crítica
311,2026-01-13 22:00:00,Tarde,M4,Peça A,Linha 2,F19,P050,OP032,Recente,Moderado,Crítica,186.633,367.939,5.855,5.867,29.207,3.54,45.775,91.573,92.134,37.237,22.438,25,1165.459,1.142,2528,6.139,0,Boa
312,2026-01-13 23:00:00,Tarde,M3,Peça B,Linha 2,F20,P028,OP035,Atrasada,Moderado,Normal,177.68,351.823,6.173,6.186,31.126,2.813,60.39,97.051,96.688,41.705,31.989,90,1211.503,1.232,6832,6.934,0,Boa
313,2026-01-14 00:00:00,Manhã,M1,Peça C,Linha 2,F09,P006,OP017,Intermediária,Moderado,Atenção,185.144,365.259,6.13,6.092,28.513,2.782,66.721,91.706,92.943,37.152,26.771,42,1120.79,1.328,9950,7.67,0,Atenção
314,2026-01-14 01:00:00,Manhã,M3,Peça A,Linha 2,F10,P022,OP036,Intermediária,Moderado,Normal,178.714,353.684,5.804,5.835,30.124,1.686,68.864,97.633,97.586,44.842,28.046,62,1169.741,0.286,8089,6.091,0,Boa
315,2026-01-14 02:00:00,Manhã,M2,Peça C,Linha 2,F05,P004,OP005,Atrasada,Moderado,Atenção,180.046,356.083,5.378,5.431,35.996,2.429,61.022,98.662,100.019,44.406,29.166,93,1149.754,0.032,3240,7.932,0,Atenção
316,2026-01-14 03:00:00,Manhã,M4,Peça B,Linha 1,F01,P033,OP005,Atrasada,Severo,Crítica,191.952,377.513,6.066,6.075,36.462,4.674,43.253,99.065,100.217,41.307,32.64,74,1239.45,-0.449,5618,9.972,1,Crítica
317,2026-01-14 04:00:00,Manhã,M2,Peça C,Linha 1,F13,P010,OP040,Atrasada,Moderado,Atenção,178.858,353.944,5.908,5.89,28.556,3.702,56.677,93.987,95.038,42.428,26.487,71,1044.506,-1.807,1179,10.193,1,Crítica
318,2026-01-14 05:00:00,Tarde,M3,Peça B,Linha 1,F02,P028,OP023,Atrasada,Severo,Crítica,187.642,369.756,5.149,5.144,30.625,4.279,73.187,98.014,96.811,45.254,20.629,92,1098.18,-1.345,4715,9.151,1,Crítica
319,2026-01-14 06:00:00,Manhã,M1,Peça B,Linha 2,F02,P043,OP019,Intermediária,Severo,Normal,179.003,354.205,6.204,6.192,32.011,3.774,47.617,95.184,95.202,38.044,30.614,65,1284.926,-0.168,3506,4.917,0,Boa
320,2026-01-14 07:00:00,Noite,M2,Peça B,Linha 3,F05,P006,OP007,Recente,Moderado,Normal,182.46,360.428,6.378,6.368,34.317,3.509,54.497,89.641,90.864,43.136,18.826,21,1179.012,-0.108,5515,5.858,0,Boa
321,2026-01-14 08:00:00,Noite,M4,Peça D,Linha 1,F01,P014,OP012,Atrasada,Moderado,Atenção,182.364,360.255,7.138,7.157,26.721,3.608,67.015,89.694,89.967,45.918,19.574,69,1102.639,1.412,4675,10.535,1,Crítica
322,2026-01-14 09:00:00,Tarde,M3,Peça B,Linha 2,F07,P025,OP028,Recente,Leve,Atenção,185.609,366.096,5.8,5.808,27.431,2.748,60.246,95.74,96.294,35.587,18.267,30,1235.682,1.315,7143,7.913,0,Atenção
323,2026-01-14 10:00:00,Manhã,M2,Peça B,Linha 2,F12,P015,OP033,Intermediária,Moderado,Normal,176.735,350.123,5.734,5.764,33.709,3.817,76.081,91.851,90.463,44.963,26.18,31,1190.366,-0.686,5929,7.396,0,Boa
324,2026-01-14 11:00:00,Tarde,M4,Peça B,Linha 3,F15,P006,OP037,Intermediária,Moderado,Crítica,176.883,350.389,5.445,5.456,26.713,3.764,48.771,91.926,93.845,35.999,26.301,61,1188.468,0.818,9449,8.092,0,Atenção
325,2026-01-14 12:00:00,Noite,M4,Peça C,Linha 2,F10,P001,OP017,Recente,Moderado,Normal,178.679,353.623,6.07,6.044,30.9,5.433,46.587,95.861,95.069,42.363,11.524,29,1191.516,-0.477,1617,8.238,0,Atenção
326,2026-01-14 13:00:00,Tarde,M2,Peça A,Linha 2,F16,P014,OP019,Recente,Leve,Normal,180.818,357.473,6.067,6.052,32.726,2.763,65.405,91.906,89.912,37.579,19.858,2,1233.005,0.683,9500,6.7,0,Boa
327,2026-01-14 14:00:00,Noite,M2,Peça B,Linha 2,F06,P025,OP007,Atrasada,Severo,Normal,179.152,354.473,5.611,5.594,33.487,4.354,44.835,90.925,90.574,47.799,36.535,94,1213.194,0.806,8113,10.496,1,Crítica
328,2026-01-14 15:00:00,Tarde,M2,Peça B,Linha 3,F16,P022,OP004,Intermediária,Leve,Normal,183.993,363.188,5.865,5.86,32.135,2.97,53.327,93.334,90.887,37.963,23.612,54,1323.083,1.242,7415,7.305,0,Boa
329,2026-01-14 16:00:00,Tarde,M3,Peça D,Linha 1,F08,P005,OP018,Intermediária,Severo,Crítica,187.985,370.372,5.11,5.163,30.903,4.47,54.442,100.139,99.054,36.989,26.047,63,1159.088,-0.493,8428,11.281,1,Crítica
330,2026-01-14 17:00:00,Manhã,M2,Peça B,Linha 3,F04,P016,OP024,Atrasada,Severo,Crítica,175.226,347.406,6.361,6.42,35.094,6.3,63.806,92.804,95.362,42.867,34.338,76,1174.068,1.014,1453,10.076,1,Crítica
331,2026-01-14 18:00:00,Noite,M1,Peça B,Linha 1,F20,P013,OP005,Intermediária,Moderado,Atenção,174.983,346.97,5.653,5.678,32.856,2.207,60.221,90.974,90.594,40.788,31.573,60,1144.811,-1.873,2918,5.69,0,Boa
332,2026-01-14 19:00:00,Manhã,M4,Peça D,Linha 3,F04,P009,OP017,Intermediária,Moderado,Normal,174.532,346.157,5.928,5.932,30.619,3.587,58.885,88.754,87.326,37.543,32.691,57,1248.009,1.296,1007,8.013,0,Atenção
333,2026-01-14 20:00:00,Tarde,M4,Peça B,Linha 1,F01,P030,OP026,Atrasada,Moderado,Crítica,192.558,378.604,5.358,5.317,32.113,3.051,51.579,101.65,101.676,44.358,11.365,75,1235.292,-0.025,8184,12.853,1,Crítica
334,2026-01-14 21:00:00,Noite,M3,Peça A,Linha 1,F04,P011,OP033,Recente,Leve,Normal,182.784,361.012,5.738,5.745,33.15,2.551,65.328,93.042,92.144,34.432,34.641,28,1223.443,-0.004,4191,7.803,0,Atenção
335,2026-01-14 22:00:00,Manhã,M4,Peça A,Linha 1,F06,P020,OP038,Atrasada,Severo,Crítica,184.495,364.091,5.874,5.85,37.155,4.084,85.0,95.159,96.023,38.062,32.058,78,1174.188,-2.037,4252,10.797,1,Crítica
336,2026-01-14 23:00:00,Tarde,M3,Peça A,Linha 1,F05,P044,OP014,Atrasada,Moderado,Crítica,174.231,345.616,5.995,6.044,34.359,3.222,60.876,98.328,97.438,39.814,42.209,68,1199.277,-0.389,6495,7.418,0,Atenção
337,2026-01-15 00:00:00,Manhã,M3,Peça A,Linha 1,F08,P020,OP016,Recente,Leve,Normal,181.194,358.149,6.216,6.168,35.644,3.384,55.847,99.75,100.02,45.048,18.666,17,1259.118,1.355,4807,4.925,0,Boa
338,2026-01-15 01:00:00,Noite,M3,Peça B,Linha 1,F17,P024,OP035,Recente,Leve,Normal,183.848,362.927,6.648,6.659,30.168,3.784,43.968,92.492,91.345,47.283,12.459,13,1108.044,-0.427,6734,4.64,0,Boa
339,2026-01-15 02:00:00,Manhã,M2,Peça C,Linha 2,F05,P003,OP028,Atrasada,Leve,Atenção,178.986,354.174,6.306,6.279,30.667,1.955,49.581,90.957,93.556,47.001,28.683,83,1133.831,0.713,9426,5.848,0,Boa
340,2026-01-15 03:00:00,Noite,M2,Peça C,Linha 1,F08,P006,OP011,Atrasada,Severo,Atenção,185.894,366.609,6.433,6.433,31.294,3.998,53.183,98.506,99.01,42.228,27.148,85,1136.296,0.035,3988,9.88,1,Crítica
341,2026-01-15 04:00:00,Manhã,M1,Peça A,Linha 2,F05,P004,OP028,Atrasada,Moderado,Crítica,190.822,375.479,6.627,6.647,31.809,2.573,50.456,94.711,94.565,32.776,33.442,94,1303.979,1.063,9026,8.76,1,Atenção
342,2026-01-15 05:00:00,Noite,M3,Peça B,Linha 3,F15,P032,OP007,Recente,Leve,Normal,176.275,349.295,6.2,6.231,29.536,3.768,54.863,88.001,87.708,43.845,29.17,9,1145.321,0.192,5790,6.009,0,Boa
343,2026-01-15 06:00:00,Noite,M1,Peça A,Linha 2,F03,P036,OP018,Atrasada,Moderado,Atenção,173.485,344.273,5.959,5.958,36.038,3.203,70.113,91.998,91.444,47.588,28.276,85,1250.751,-0.932,4375,10.374,1,Crítica
344,2026-01-15 07:00:00,Tarde,M1,Peça D,Linha 1,F02,P006,OP013,Atrasada,Severo,Crítica,174.236,345.624,6.454,6.477,34.65,3.943,65.601,93.168,92.407,47.948,27.116,82,1197.606,0.056,9271,6.584,0,Boa
345,2026-01-15 08:00:00,Noite,M2,Peça A,Linha 1,F08,P008,OP040,Atrasada,Moderado,Crítica,188.652,371.574,6.483,6.463,31.083,2.932,53.65,92.468,91.68,43.759,30.896,72,1184.641,1.601,5392,8.144,0,Atenção
346,2026-01-15 09:00:00,Noite,M2,Peça B,Linha 3,F11,P011,OP002,Intermediária,Leve,Normal,185.72,366.296,6.236,6.243,34.485,1.692,44.73,90.268,91.946,37.84,24.222,47,1283.367,0.498,2149,4.459,0,Boa
347,2026-01-15 10:00:00,Noite,M1,Peça A,Linha 1,F14,P022,OP035,Intermediária,Leve,Normal,178.095,352.571,5.345,5.375,32.669,2.837,66.368,90.403,89.851,40.004,23.8,48,1152.325,-0.116,3578,6.347,0,Boa
348,2026-01-15 11:00:00,Manhã,M3,Peça B,Linha 1,F10,P024,OP012,Intermediária,Leve,Normal,181.39,358.502,5.621,5.631,34.159,3.552,54.583,95.363,93.233,49.708,31.423,40,1189.295,2.256,8608,6.781,0,Boa
349,2026-01-15 12:00:00,Tarde,M4,Peça A,Linha 3,F14,P027,OP002,Recente,Leve,Normal,177.754,351.957,5.82,5.804,28.527,2.978,40.325,89.333,88.167,36.616,29.719,2,1204.663,1.159,5638,4.833,0,Boa
350,2026-01-15 13:00:00,Manhã,M1,Peça C,Linha 3,F06,P042,OP027,Intermediária,Moderado,Normal,183.428,362.171,6.295,6.286,32.123,3.058,61.056,99.868,100.796,38.448,32.264,47,1278.385,0.817,6039,8.454,0,Atenção
351,2026-01-15 14:00:00,Tarde,M1,Peça A,Linha 1,F01,P010,OP028,Recente,Leve,Normal,176.825,350.284,5.99,6.021,31.826,2.565,63.718,93.904,93.652,45.582,22.751,22,1178.76,0.317,7136,7.545,0,Atenção
352,2026-01-15 15:00:00,Manhã,M2,Peça C,Linha 2,F02,P026,OP006,Recente,Leve,Normal,178.948,354.106,6.488,6.455,34.111,2.289,34.38,94.583,94.449,41.172,10.681,19,1167.88,0.73,2749,4.179,0,Boa
353,2026-01-15 16:00:00,Tarde,M3,Peça B,Linha 2,F01,P021,OP002,Recente,Leve,Normal,184.366,363.858,6.568,6.54,30.355,3.858,47.991,94.495,95.665,37.869,21.511,5,1132.62,0.763,1833,7.682,0,Atenção
354,2026-01-15 17:00:00,Tarde,M3,Peça C,Linha 2,F05,P011,OP005,Intermediária,Leve,Normal,180.222,356.4,6.516,6.534,24.74,3.146,54.061,90.426,89.648,48.616,20.892,43,978.901,-2.183,4963,5.443,0,Boa
355,2026-01-15 18:00:00,Tarde,M1,Peça C,Linha 1,F08,P043,OP017,Recente,Leve,Normal,177.578,351.641,6.542,6.529,28.755,2.698,61.243,93.711,94.343,44.562,21.542,4,1117.022,0.395,9277,6.022,0,Boa
356,2026-01-15 19:00:00,Tarde,M3,Peça D,Linha 1,F06,P003,OP006,Atrasada,Moderado,Atenção,181.255,358.259,5.533,5.49,31.817,3.301,50.616,95.335,94.667,41.809,24.373,80,1172.705,-0.161,2144,7.906,0,Atenção
357,2026-01-15 20:00:00,Noite,M1,Peça A,Linha 2,F09,P029,OP029,Atrasada,Moderado,Normal,182.936,361.285,6.193,6.234,32.432,3.603,47.927,94.25,94.826,37.646,28.596,84,1152.823,-0.5,7469,7.258,0,Boa
358,2026-01-15 21:00:00,Noite,M2,Peça A,Linha 1,F08,P029,OP004,Atrasada,Moderado,Crítica,188.862,371.951,5.727,5.694,37.051,2.973,61.181,109.292,108.901,49.78,21.844,76,1150.678,-0.195,9811,7.259,0,Boa
359,2026-01-15 22:00:00,Tarde,M4,Peça A,Linha 2,F12,P043,OP032,Recente,Leve,Normal,185.045,365.08,5.234,5.228,33.988,3.701,51.019,98.725,98.483,41.907,16.556,28,1092.527,-1.556,1870,7.913,0,Atenção
360,2026-01-15 23:00:00,Tarde,M1,Peça A,Linha 1,F11,P019,OP035,Recente,Leve,Normal,182.977,361.359,5.871,5.852,32.245,2.514,59.607,92.104,92.924,47.31,30.536,15,962.065,-1.805,2198,8.169,0,Atenção
361,2026-01-16 00:00:00,Noite,M1,Peça B,Linha 3,F05,P011,OP029,Intermediária,Moderado,Normal,177.761,351.969,6.54,6.531,32.463,3.173,45.552,96.266,97.014,45.756,19.942,47,1156.133,1.247,8820,6.502,0,Boa
362,2026-01-16 01:00:00,Manhã,M2,Peça D,Linha 3,F05,P036,OP038,Intermediária,Moderado,Atenção,176.619,349.915,6.151,6.125,35.873,4.129,43.505,94.613,94.447,41.281,27.042,63,1395.956,0.462,1976,7.244,0,Boa
363,2026-01-16 02:00:00,Manhã,M3,Peça D,Linha 2,F10,P032,OP038,Recente,Leve,Normal,184.601,364.281,6.884,6.905,30.47,4.023,61.42,96.187,95.715,41.311,27.807,1,1267.085,-2.413,7692,8.783,1,Atenção
364,2026-01-16 03:00:00,Manhã,M4,Peça B,Linha 2,F10,P018,OP002,Atrasada,Severo,Atenção,182.89,361.203,6.056,6.059,31.819,4.168,57.146,91.827,93.426,47.856,33.966,81,1079.059,-0.576,8174,8.585,1,Atenção
365,2026-01-16 04:00:00,Tarde,M4,Peça B,Linha 1,F05,P032,OP014,Intermediária,Moderado,Normal,174.602,346.284,7.102,7.131,28.732,4.116,62.841,89.361,89.951,47.918,30.049,41,1090.751,0.881,3817,8.282,0,Atenção
366,2026-01-16 05:00:00,Tarde,M1,Peça C,Linha 2,F05,P009,OP031,Atrasada,Moderado,Atenção,177.094,350.769,6.056,6.038,36.497,2.065,50.473,95.829,95.438,35.678,29.977,77,1219.322,-0.28,3624,6.271,0,Boa
367,2026-01-16 06:00:00,Noite,M1,Peça D,Linha 1,F12,P022,OP014,Recente,Leve,Normal,178.369,353.064,6.01,6.074,33.177,2.483,48.242,98.218,97.565,45.349,26.904,7,1101.024,1.245,5692,7.652,0,Atenção
368,2026-01-16 07:00:00,Tarde,M3,Peça A,Linha 3,F11,P039,OP030,Intermediária,Moderado,Normal,178.546,353.382,5.368,5.311,30.437,3.217,66.566,94.1,95.125,41.539,33.439,40,1085.25,1.05,5558,5.502,0,Boa
369,2026-01-16 08:00:00,Manhã,M1,Peça B,Linha 3,F02,P011,OP031,Intermediária,Leve,Atenção,186.505,367.709,6.444,6.396,32.217,2.4,42.055,97.528,97.643,38.433,27.99,43,1197.336,-1.357,8740,7.107,0,Boa
370,2026-01-16 09:00:00,Noite,M4,Peça C,Linha 3,F07,P018,OP040,Recente,Leve,Normal,184.495,364.091,5.718,5.771,34.089,3.12,65.637,98.211,98.047,43.805,11.297,4,1196.021,-0.143,6330,6.175,0,Boa
371,2026-01-16 10:00:00,Noite,M3,Peça A,Linha 3,F18,P048,OP014,Atrasada,Moderado,Atenção,188.341,371.013,5.653,5.667,31.808,2.133,66.224,95.382,95.497,36.872,24.189,67,1229.603,-0.448,9712,7.332,0,Boa
372,2026-01-16 11:00:00,Manhã,M1,Peça B,Linha 3,F01,P034,OP014,Atrasada,Moderado,Normal,180.17,356.306,6.521,6.531,30.957,1.997,62.311,92.191,92.529,40.587,33.218,88,1212.899,-1.389,3159,9.32,1,Crítica
373,2026-01-16 12:00:00,Manhã,M3,Peça D,Linha 1,F16,P041,OP001,Intermediária,Moderado,Normal,181.623,358.922,6.521,6.534,30.037,3.435,49.154,95.381,95.324,40.226,22.317,51,1138.876,-1.454,3529,6.954,0,Boa
374,2026-01-16 13:00:00,Manhã,M1,Peça D,Linha 3,F03,P014,OP012,Intermediária,Moderado,Atenção,173.93,345.073,6.453,6.471,33.577,3.007,48.06,97.211,98.415,41.361,34.681,37,1217.031,-0.806,3169,10.96,1,Crítica
375,2026-01-16 14:00:00,Manhã,M2,Peça C,Linha 2,F08,P057,OP012,Intermediária,Moderado,Normal,180.362,356.652,5.813,5.822,31.166,2.647,53.215,93.521,94.78,42.538,26.421,60,1097.588,-0.641,6854,5.857,0,Boa
376,2026-01-16 15:00:00,Manhã,M2,Peça C,Linha 1,F07,P005,OP019,Intermediária,Moderado,Atenção,180.368,356.662,5.977,5.948,30.639,5.418,43.992,92.069,92.601,38.951,25.231,34,1098.171,0.283,1301,10.644,1,Crítica
377,2026-01-16 16:00:00,Noite,M2,Peça A,Linha 2,F01,P019,OP017,Intermediária,Leve,Normal,173.191,343.744,5.949,5.974,28.232,2.718,46.826,96.268,97.643,47.978,31.468,34,982.388,1.044,8741,10.456,1,Crítica
378,2026-01-16 17:00:00,Tarde,M3,Peça A,Linha 1,F19,P017,OP035,Atrasada,Moderado,Crítica,178.394,353.11,6.352,6.372,32.233,5.791,60.48,94.903,94.911,43.874,26.663,72,1212.026,0.514,7945,9.058,1,Crítica
379,2026-01-16 18:00:00,Tarde,M3,Peça B,Linha 1,F07,P034,OP031,Intermediária,Moderado,Normal,179.519,355.134,6.699,6.742,31.456,3.317,60.519,95.812,96.502,49.179,27.538,56,1101.684,0.75,9892,6.04,0,Boa
380,2026-01-16 19:00:00,Noite,M4,Peça B,Linha 1,F21,P043,OP030,Recente,Moderado,Normal,184.15,363.47,6.166,6.219,31.035,4.175,46.079,95.367,96.372,41.752,29.395,25,1054.102,-0.267,9625,6.488,0,Boa
381,2026-01-16 20:00:00,Tarde,M4,Peça B,Linha 1,F04,P030,OP001,Intermediária,Moderado,Atenção,184.399,363.918,6.889,6.899,32.596,3.854,60.747,94.997,96.016,40.275,16.206,38,1201.026,0.603,1636,8.873,1,Atenção
382,2026-01-16 21:00:00,Noite,M2,Peça B,Linha 2,F17,P024,OP019,Atrasada,Moderado,Atenção,177.277,351.099,6.38,6.343,34.484,2.161,58.862,94.307,95.223,49.042,26.608,79,1102.489,-0.148,7728,4.112,0,Boa
383,2026-01-16 22:00:00,Noite,M1,Peça A,Linha 3,F19,P015,OP030,Intermediária,Leve,Normal,181.238,358.229,5.838,5.892,34.665,5.072,67.834,97.662,98.293,39.803,30.975,50,1344.964,-0.441,5532,11.355,1,Crítica
384,2026-01-16 23:00:00,Tarde,M3,Peça C,Linha 2,F09,P019,OP010,Recente,Leve,Normal,180.253,356.456,6.349,6.318,33.898,2.709,59.838,95.459,97.416,42.132,22.954,7,1180.511,1.897,7618,7.182,0,Boa
385,2026-01-17 00:00:00,Manhã,M4,Peça A,Linha 2,F03,P019,OP017,Atrasada,Moderado,Crítica,167.078,332.74,6.744,6.754,31.518,3.58,63.998,97.974,97.434,44.736,37.284,81,1195.061,-2.33,8862,13.571,1,Crítica
386,2026-01-17 01:00:00,Noite,M1,Peça A,Linha 1,F12,P001,OP030,Atrasada,Moderado,Normal,176.28,349.303,6.899,6.892,30.299,2.316,59.055,94.227,94.071,37.297,18.144,70,1249.643,-1.873,6248,8.926,1,Crítica
387,2026-01-17 02:00:00,Tarde,M2,Peça A,Linha 2,F09,P018,OP032,Recente,Moderado,Normal,185.911,366.639,6.51,6.497,29.108,3.248,63.329,92.244,92.03,44.703,13.86,25,1053.732,0.383,1028,7.877,0,Atenção
388,2026-01-17 03:00:00,Noite,M2,Peça A,Linha 1,F20,P038,OP035,Atrasada,Moderado,Atenção,171.555,340.798,6.012,6.034,30.221,2.127,44.06,94.334,93.966,44.217,33.898,91,1139.015,-0.265,8781,9.047,1,Crítica
389,2026-01-17 04:00:00,Manhã,M1,Peça C,Linha 3,F07,P028,OP018,Atrasada,Severo,Atenção,179.386,354.895,5.846,5.854,32.619,2.972,53.965,97.2,95.211,47.633,34.395,90,1186.915,-1.437,4934,8.041,0,Atenção
390,2026-01-17 05:00:00,Noite,M3,Peça B,Linha 1,F04,P034,OP016,Atrasada,Severo,Crítica,189.443,372.998,6.259,6.275,29.641,3.794,54.669,99.649,101.024,45.742,28.36,94,1120.278,-1.055,5128,9.537,1,Crítica
391,2026-01-17 06:00:00,Tarde,M2,Peça A,Linha 2,F02,P014,OP016,Intermediária,Moderado,Atenção,176.345,349.421,6.729,6.705,32.528,3.59,52.928,93.801,92.775,46.94,27.202,35,1178.594,-0.924,6257,5.67,0,Boa
392,2026-01-17 07:00:00,Manhã,M3,Peça C,Linha 2,F12,P019,OP027,Atrasada,Moderado,Atenção,181.211,358.18,6.171,6.166,29.344,3.015,58.773,93.127,93.296,42.39,33.431,87,1051.675,0.892,9203,8.588,1,Atenção
393,2026-01-17 08:00:00,Tarde,M3,Peça B,Linha 2,F22,P002,OP017,Atrasada,Moderado,Normal,174.419,345.954,6.181,6.157,27.257,3.434,60.392,89.423,88.001,39.082,23.197,76,1150.296,1.212,5737,7.948,0,Atenção
394,2026-01-17 09:00:00,Tarde,M3,Peça A,Linha 3,F01,P013,OP017,Atrasada,Severo,Atenção,189.662,373.391,5.967,5.961,35.018,3.47,58.334,100.279,100.9,50.018,24.319,82,1151.032,1.64,2868,10.176,1,Crítica
395,2026-01-17 10:00:00,Manhã,M2,Peça A,Linha 1,F13,P017,OP007,Intermediária,Moderado,Normal,179.867,355.76,5.852,5.849,30.577,4.006,53.496,89.578,88.793,36.199,27.218,51,1217.959,-1.589,7594,5.465,0,Boa
396,2026-01-17 11:00:00,Tarde,M2,Peça A,Linha 3,F19,P009,OP020,Recente,Leve,Normal,180.542,356.976,5.871,5.926,30.049,2.037,48.746,94.045,92.909,36.579,29.505,26,1240.025,-1.367,6696,4.729,0,Boa
397,2026-01-17 12:00:00,Noite,M3,Peça B,Linha 2,F01,P001,OP010,Recente,Leve,Normal,188.242,370.836,6.037,6.029,28.958,2.83,64.326,96.191,96.385,44.507,16.684,21,1149.828,-1.436,1589,8.471,0,Atenção
398,2026-01-17 13:00:00,Manhã,M3,Peça A,Linha 2,F02,P027,OP021,Atrasada,Severo,Crítica,184.64,364.351,6.749,6.685,33.509,5.173,57.973,101.824,101.123,48.175,28.092,91,1186.862,1.289,5793,9.44,1,Crítica
399,2026-01-17 14:00:00,Tarde,M2,Peça A,Linha 2,F12,P016,OP036,Intermediária,Moderado,Normal,175.747,348.344,5.868,5.91,36.365,2.822,46.342,96.846,96.272,42.72,24.295,47,1294.051,0.417,8067,9.169,1,Crítica
400,2026-01-17 15:00:00,Tarde,M4,Peça A,Linha 3,F11,P015,OP032,Atrasada,Severo,Atenção,178.634,353.541,5.968,5.981,31.351,2.421,53.354,93.668,93.84,45.797,31.548,88,1185.037,0.08,8955,6.655,0,Boa
401,2026-01-17 16:00:00,Manhã,M1,Peça B,Linha 3,F01,P009,OP020,Intermediária,Leve,Normal,181.374,358.473,5.555,5.551,31.913,2.493,40.182,95.857,96.657,34.776,26.108,52,1320.738,0.23,3548,5.954,0,Boa
402,2026-01-17 17:00:00,Noite,M4,Peça A,Linha 1,F16,P020,OP040,Intermediária,Moderado,Normal,178.755,353.758,6.322,6.309,35.215,1.85,55.301,93.472,92.653,40.102,22.725,50,1251.113,-0.057,5702,3.529,0,Boa
403,2026-01-17 18:00:00,Noite,M1,Peça C,Linha 3,F08,P016,OP040,Recente,Leve,Crítica,167.79,334.023,6.559,6.531,27.129,3.119,53.314,90.617,89.625,35.689,29.971,6,1148.33,-1.121,8417,8.434,0,Atenção
404,2026-01-17 19:00:00,Manhã,M1,Peça A,Linha 2,F18,P017,OP018,Intermediária,Moderado,Normal,178.523,353.342,6.707,6.765,38.141,3.326,50.117,102.487,102.511,44.966,21.804,38,1327.696,0.513,6253,5.899,0,Boa
405,2026-01-17 20:00:00,Noite,M2,Peça B,Linha 2,F17,P022,OP031,Intermediária,Leve,Normal,172.603,342.685,6.068,6.069,39.572,2.479,68.469,100.237,100.776,36.481,24.407,52,1327.515,-0.186,4774,7.725,0,Atenção
406,2026-01-17 21:00:00,Noite,M1,Peça B,Linha 3,F15,P001,OP014,Recente,Leve,Normal,187.205,368.968,6.202,6.15,24.441,2.566,45.173,90.498,91.961,37.504,13.251,10,997.292,-1.2,2658,7.574,0,Atenção
407,2026-01-17 22:00:00,Manhã,M1,Peça B,Linha 1,F08,P043,OP036,Recente,Moderado,Normal,179.719,355.495,5.931,5.941,31.707,3.472,61.004,93.472,92.401,44.313,18.918,15,1190.136,0.574,1386,4.003,0,Boa
408,2026-01-17 23:00:00,Noite,M1,Peça A,Linha 2,F04,P003,OP015,Intermediária,Moderado,Atenção,174.093,345.368,6.214,6.25,30.083,1.662,73.587,93.223,92.905,46.035,29.576,56,1106.891,-0.426,7210,7.685,0,Atenção
409,2026-01-18 00:00:00,Manhã,M2,Peça C,Linha 1,F08,P016,OP011,Recente,Leve,Normal,176.667,350.001,6.141,6.146,31.206,2.303,64.157,94.017,95.193,42.206,25.764,23,1093.809,0.227,9674,7.144,0,Boa
410,2026-01-18 01:00:00,Noite,M3,Peça C,Linha 1,F02,P007,OP006,Atrasada,Moderado,Atenção,171.375,340.475,6.026,5.999,30.745,3.364,54.732,91.109,93.082,44.977,30.877,66,1168.603,-0.125,6406,9.077,1,Crítica
411,2026-01-18 02:00:00,Tarde,M1,Peça A,Linha 3,F11,P019,OP034,Intermediária,Leve,Atenção,173.083,343.549,6.006,5.976,34.995,2.311,45.36,100.04,99.047,44.044,28.746,43,1307.478,0.891,8024,5.122,0,Boa
412,2026-01-18 03:00:00,Tarde,M3,Peça A,Linha 1,F02,P010,OP012,Intermediária,Moderado,Atenção,186.485,367.673,6.203,6.176,31.662,3.159,43.422,96.485,95.747,41.181,37.566,38,1083.867,0.22,7093,5.7,0,Boa
413,2026-01-18 04:00:00,Manhã,M3,Peça C,Linha 1,F08,P038,OP033,Recente,Leve,Crítica,192.805,379.05,5.868,5.913,29.267,2.691,51.502,92.109,92.49,38.65,18.393,11,1217.6,-0.884,4129,6.755,0,Boa
414,2026-01-18 05:00:00,Noite,M1,Peça B,Linha 1,F01,P014,OP004,Intermediária,Moderado,Normal,182.577,360.639,5.891,5.889,31.483,3.011,49.16,99.959,99.382,44.507,15.323,38,1002.932,0.322,5704,8.331,0,Atenção
415,2026-01-18 06:00:00,Manhã,M1,Peça A,Linha 2,F05,P025,OP021,Intermediária,Leve,Normal,178.321,352.978,6.744,6.694,33.784,2.703,48.884,95.993,95.234,44.33,19.777,51,1173.793,0.355,3429,7.795,0,Atenção
416,2026-01-18 07:00:00,Manhã,M4,Peça A,Linha 3,F04,P009,OP018,Intermediária,Moderado,Normal,179.754,355.557,7.164,7.175,29.009,4.007,52.226,90.623,90.868,45.397,22.098,54,1214.809,0.511,3008,4.32,0,Boa
417,2026-01-18 08:00:00,Manhã,M3,Peça B,Linha 3,F10,P001,OP018,Recente,Leve,Normal,176.226,349.207,5.402,5.406,27.621,5.182,54.131,88.575,90.124,43.546,18.154,25,1072.663,1.036,6300,12.613,1,Crítica
418,2026-01-18 09:00:00,Noite,M2,Peça C,Linha 1,F14,P014,OP007,Recente,Leve,Atenção,191.011,375.819,5.433,5.42,37.978,3.296,59.124,104.22,102.91,38.37,22.722,2,1320.417,-0.616,6813,9.299,1,Crítica
419,2026-01-18 10:00:00,Manhã,M3,Peça B,Linha 2,F01,P020,OP003,Atrasada,Moderado,Normal,180.219,356.393,5.545,5.515,30.313,2.482,44.479,99.845,101.343,44.983,36.556,88,1176.518,0.668,9884,7.362,0,Boa
420,2026-01-18 11:00:00,Noite,M1,Peça D,Linha 2,F16,P017,OP014,Atrasada,Severo,Crítica,189.801,373.642,5.93,5.898,31.828,3.372,49.201,99.008,98.433,43.255,38.438,90,1067.131,-1.725,3125,9.891,1,Crítica
421,2026-01-18 12:00:00,Tarde,M2,Peça B,Linha 2,F16,P049,OP019,Atrasada,Severo,Crítica,187.546,369.583,6.379,6.412,31.047,2.857,53.643,98.967,99.313,40.526,31.826,85,1179.486,-0.12,3611,7.894,0,Atenção
422,2026-01-18 13:00:00,Manhã,M3,Peça A,Linha 1,F05,P028,OP032,Recente,Leve,Atenção,172.148,341.866,6.266,6.273,33.644,3.242,53.338,97.37,98.961,40.88,37.008,27,1223.287,-0.275,2494,6.487,0,Boa
423,2026-01-18 14:00:00,Manhã,M1,Peça B,Linha 1,F11,P057,OP019,Intermediária,Moderado,Atenção,175.337,347.607,6.077,6.092,37.318,3.553,70.61,98.821,99.147,39.737,24.422,57,1405.311,1.448,9533,7.76,0,Atenção
424,2026-01-18 15:00:00,Manhã,M3,Peça A,Linha 2,F06,P010,OP010,Recente,Leve,Normal,177.721,351.898,6.214,6.221,33.98,2.882,56.974,96.645,96.348,45.378,13.245,13,1119.849,-0.156,8032,6.875,0,Boa
425,2026-01-18 16:00:00,Tarde,M2,Peça A,Linha 2,F03,P033,OP011,Atrasada,Severo,Crítica,179.885,355.793,5.665,5.674,27.685,3.878,41.284,91.789,92.507,36.611,35.199,86,1119.158,0.608,3973,8.534,0,Atenção
426,2026-01-18 17:00:00,Noite,M3,Peça A,Linha 2,F08,P021,OP025,Recente,Moderado,Normal,180.886,357.595,5.866,5.852,28.088,4.289,58.555,93.03,92.857,38.225,10.968,0,1082.303,-1.762,9719,6.511,0,Boa
427,2026-01-18 18:00:00,Manhã,M2,Peça A,Linha 2,F02,P023,OP018,Intermediária,Moderado,Crítica,195.88,384.585,5.967,5.961,31.043,3.489,59.638,94.104,94.625,40.751,20.99,44,1111.457,-0.352,7336,8.993,1,Crítica
428,2026-01-18 19:00:00,Noite,M2,Peça B,Linha 3,F17,P054,OP037,Atrasada,Moderado,Crítica,174.698,346.457,5.231,5.266,31.755,2.435,53.936,97.378,97.173,48.492,31.601,81,1199.794,-0.846,5286,8.406,0,Atenção
429,2026-01-18 20:00:00,Manhã,M1,Peça A,Linha 2,F19,P025,OP018,Atrasada,Leve,Normal,179.991,355.983,5.453,5.496,27.074,1.379,44.686,96.548,97.409,46.006,26.826,68,1066.89,2.476,4435,5.736,0,Boa
430,2026-01-18 21:00:00,Noite,M1,Peça B,Linha 1,F15,P042,OP023,Atrasada,Severo,Crítica,182.006,359.611,5.495,5.459,34.458,5.764,69.943,94.253,92.859,36.125,27.414,82,1234.037,-0.667,6122,10.156,1,Crítica
431,2026-01-18 22:00:00,Noite,M3,Peça B,Linha 3,F09,P029,OP003,Intermediária,Moderado,Normal,181.192,358.145,6.288,6.282,29.301,3.494,45.906,93.096,92.083,47.495,18.675,47,1063.882,0.073,1765,7.229,0,Boa
432,2026-01-18 23:00:00,Noite,M1,Peça B,Linha 3,F09,P004,OP008,Recente,Leve,Normal,179.373,354.871,6.054,6.08,37.04,2.388,60.617,100.176,98.767,47.488,22.655,9,1200.51,0.127,2548,5.859,0,Boa
433,2026-01-19 00:00:00,Tarde,M1,Peça C,Linha 1,F23,P028,OP035,Recente,Leve,Normal,173.367,344.061,6.275,6.331,37.462,3.725,56.7,93.731,93.674,38.349,28.022,0,1277.445,-1.589,9424,7.381,0,Boa
434,2026-01-19 01:00:00,Noite,M1,Peça C,Linha 2,F04,P018,OP014,Recente,Leve,Normal,179.354,354.837,5.148,5.202,31.495,2.402,60.107,87.497,85.968,33.228,23.24,14,1158.448,-0.526,2859,4.568,0,Boa
435,2026-01-19 02:00:00,Manhã,M1,Peça B,Linha 1,F01,P044,OP017,Recente,Leve,Normal,181.459,358.627,5.332,5.309,33.317,2.596,69.508,98.981,98.289,42.086,17.419,5,1189.582,0.405,2475,8.694,1,Atenção
436,2026-01-19 03:00:00,Manhã,M3,Peça A,Linha 2,F09,P034,OP024,Intermediária,Moderado,Normal,182.904,361.226,6.274,6.313,28.544,3.691,59.774,92.292,91.184,46.265,17.875,42,1068.386,0.086,8738,8.722,1,Atenção
437,2026-01-19 04:00:00,Manhã,M2,Peça B,Linha 1,F05,P004,OP003,Recente,Leve,Normal,183.265,361.877,4.75,4.751,33.871,2.348,50.251,97.644,99.123,48.407,17.462,4,1125.363,-2.3,9501,5.921,0,Boa
438,2026-01-19 05:00:00,Tarde,M4,Peça B,Linha 2,F05,P005,OP021,Recente,Leve,Atenção,189.346,372.822,6.527,6.558,30.745,3.651,64.401,93.019,92.028,39.051,25.714,17,1189.364,-0.567,8361,7.189,0,Boa
439,2026-01-19 06:00:00,Noite,M1,Peça A,Linha 1,F01,P003,OP014,Intermediária,Moderado,Normal,183.672,362.61,5.18,5.203,28.738,3.508,49.636,98.541,97.255,48.658,27.182,39,1091.08,1.021,1929,9.201,1,Crítica
440,2026-01-19 07:00:00,Tarde,M3,Peça A,Linha 2,F10,P018,OP006,Atrasada,Moderado,Atenção,181.571,358.827,6.356,6.318,31.372,3.487,56.39,94.697,94.945,33.534,22.717,69,1196.56,0.588,8549,6.899,0,Boa
441,2026-01-19 08:00:00,Noite,M2,Peça A,Linha 3,F04,P003,OP017,Intermediária,Severo,Crítica,174.207,345.572,5.544,5.561,31.163,3.811,44.009,91.635,93.322,40.601,13.855,64,1168.072,1.218,3402,10.465,1,Crítica
442,2026-01-19 09:00:00,Manhã,M2,Peça B,Linha 1,F03,P029,OP018,Recente,Leve,Normal,177.18,350.924,6.472,6.502,31.025,3.809,46.217,90.192,90.076,40.775,24.92,5,1302.537,-0.986,1099,6.312,0,Boa
443,2026-01-19 10:00:00,Noite,M4,Peça A,Linha 3,F01,P021,OP008,Atrasada,Moderado,Normal,180.858,357.544,7.388,7.387,35.409,3.655,55.437,97.631,97.593,46.379,23.414,85,1339.937,1.281,9287,9.806,1,Crítica
444,2026-01-19 11:00:00,Manhã,M4,Peça A,Linha 3,F06,P036,OP022,Intermediária,Leve,Normal,183.312,361.962,4.921,4.914,30.204,2.131,58.129,96.438,97.729,46.934,30.294,52,1051.893,-0.044,3408,7.427,0,Atenção
445,2026-01-19 12:00:00,Manhã,M4,Peça C,Linha 3,F17,P010,OP030,Intermediária,Leve,Normal,179.513,355.123,6.257,6.21,37.765,3.093,40.53,99.44,100.319,46.436,20.103,33,1199.852,1.592,6926,6.914,0,Boa
446,2026-01-19 13:00:00,Tarde,M1,Peça D,Linha 1,F05,P019,OP011,Intermediária,Moderado,Normal,173.934,345.082,5.186,5.207,28.025,3.548,59.227,89.648,90.073,38.128,18.953,36,1073.987,0.003,1664,8.478,0,Atenção
447,2026-01-19 14:00:00,Noite,M1,Peça A,Linha 3,F12,P004,OP039,Atrasada,Moderado,Atenção,172.621,342.718,6.136,6.142,37.406,1.792,48.035,98.329,97.747,45.278,29.319,80,1319.791,-2.047,2705,8.252,0,Atenção
448,2026-01-19 15:00:00,Tarde,M3,Peça D,Linha 1,F13,P040,OP025,Intermediária,Moderado,Atenção,172.614,342.705,5.907,5.879,28.95,3.39,65.877,93.861,94.317,45.194,39.666,44,1080.836,0.849,8926,9.605,1,Crítica
449,2026-01-19 16:00:00,Manhã,M1,Peça A,Linha 1,F05,P006,OP031,Recente,Leve,Normal,177.578,351.641,6.058,6.049,31.997,3.02,52.008,92.415,91.054,35.649,28.334,23,1240.781,-0.444,6328,6.922,0,Boa
450,2026-01-19 17:00:00,Tarde,M3,Peça D,Linha 3,F15,P004,OP003,Intermediária,Severo,Crítica,173.558,344.404,5.534,5.538,31.089,4.557,45.449,93.064,92.44,35.405,26.017,40,1331.59,-0.376,9986,9.342,1,Crítica
451,2026-01-19 18:00:00,Manhã,M2,Peça D,Linha 2,F12,P007,OP031,Recente,Leve,Normal,175.097,347.175,6.327,6.31,31.209,2.878,55.644,91.225,92.656,47.204,24.633,6,1130.7,-1.453,2623,7.297,0,Boa
452,2026-01-19 19:00:00,Noite,M2,Peça A,Linha 2,F09,P034,OP014,Recente,Leve,Normal,178.252,352.853,5.324,5.324,34.644,2.582,47.212,103.595,104.897,41.316,12.613,14,1276.759,1.622,9015,6.485,0,Boa
453,2026-01-19 20:00:00,Tarde,M3,Peça C,Linha 1,F01,P004,OP029,Recente,Moderado,Atenção,174.253,345.656,6.559,6.506,36.499,3.478,65.786,94.63,95.067,37.926,17.586,29,1322.732,-0.521,8869,9.829,1,Crítica
454,2026-01-19 21:00:00,Manhã,M3,Peça D,Linha 3,F01,P023,OP033,Recente,Leve,Normal,183.175,361.714,5.76,5.8,36.132,3.83,55.005,98.316,96.387,42.469,8.534,20,1217.793,1.575,9316,7.35,0,Boa
455,2026-01-19 22:00:00,Manhã,M1,Peça C,Linha 2,F24,P031,OP011,Intermediária,Leve,Normal,182.649,360.768,5.345,5.345,31.025,2.862,53.711,96.943,95.735,44.193,35.019,33,1212.654,-0.431,1448,6.548,0,Boa
456,2026-01-19 23:00:00,Manhã,M1,Peça D,Linha 2,F14,P031,OP011,Recente,Moderado,Normal,175.943,348.697,6.694,6.661,32.793,3.734,60.03,92.849,92.169,42.945,31.644,6,1138.672,-0.928,1940,6.167,0,Boa
457,2026-01-20 00:00:00,Noite,M3,Peça B,Linha 3,F20,P007,OP003,Intermediária,Moderado,Normal,178.927,354.069,5.914,5.84,30.214,2.903,46.458,92.25,92.078,36.462,28.917,57,1269.003,1.32,5767,6.365,0,Boa
458,2026-01-20 01:00:00,Tarde,M2,Peça A,Linha 1,F18,P002,OP025,Recente,Leve,Normal,183.095,361.57,6.858,6.889,29.025,3.078,44.042,94.594,93.344,49.165,23.611,10,1043.053,-0.073,2041,5.507,0,Boa
459,2026-01-20 02:00:00,Noite,M1,Peça C,Linha 1,F01,P016,OP031,Recente,Leve,Normal,175.087,347.157,6.55,6.566,28.561,3.251,58.471,89.393,89.147,46.626,14.29,20,1059.039,-0.064,1571,7.043,0,Boa
460,2026-01-20 03:00:00,Tarde,M2,Peça B,Linha 2,F14,P007,OP017,Atrasada,Moderado,Atenção,176.23,349.214,5.617,5.623,30.927,2.812,45.653,93.698,95.466,41.086,28.044,92,1103.783,-1.282,8301,7.283,0,Boa
461,2026-01-20 04:00:00,Tarde,M3,Peça B,Linha 3,F07,P028,OP007,Recente,Leve,Atenção,187.422,369.359,5.906,5.932,33.309,3.968,45.65,91.336,91.737,41.239,32.754,0,1155.433,-0.458,7254,7.778,0,Atenção
462,2026-01-20 05:00:00,Manhã,M3,Peça A,Linha 1,F14,P012,OP013,Recente,Moderado,Atenção,185.798,366.436,6.054,6.08,26.265,3.447,62.112,97.267,97.486,43.366,24.868,26,1043.594,0.429,8595,6.763,0,Boa
463,2026-01-20 06:00:00,Noite,M2,Peça B,Linha 1,F01,P016,OP017,Intermediária,Moderado,Normal,183.428,362.171,6.687,6.693,31.861,3.585,59.463,95.614,94.596,38.067,22.372,47,1061.144,-1.299,9421,9.751,1,Crítica
464,2026-01-20 07:00:00,Manhã,M2,Peça A,Linha 1,F04,P004,OP037,Recente,Leve,Normal,185.113,365.204,6.197,6.189,36.548,3.126,44.342,100.593,98.954,43.226,13.772,29,1241.282,-0.539,2283,7.674,0,Atenção
465,2026-01-20 08:00:00,Tarde,M1,Peça C,Linha 3,F13,P021,OP005,Recente,Moderado,Normal,168.518,335.333,6.023,6.011,35.926,3.207,49.737,88.335,87.107,37.753,32.682,30,1251.912,-0.42,8478,8.54,0,Atenção
466,2026-01-20 09:00:00,Tarde,M2,Peça A,Linha 1,F14,P006,OP014,Recente,Leve,Normal,187.34,369.212,5.91,5.923,30.244,2.589,47.318,92.608,90.928,41.732,22.539,12,1199.677,0.066,1393,5.42,0,Boa
467,2026-01-20 10:00:00,Tarde,M1,Peça C,Linha 2,F10,P027,OP026,Intermediária,Leve,Normal,180.839,357.51,5.953,5.995,28.049,2.552,70.099,95.476,95.552,38.369,14.66,40,1161.682,1.48,4345,6.639,0,Boa
468,2026-01-20 11:00:00,Noite,M2,Peça C,Linha 3,F05,P003,OP010,Atrasada,Severo,Atenção,185.556,366.001,6.531,6.528,33.939,3.958,62.701,108.22,108.604,38.561,22.134,71,1198.524,-0.3,3677,11.1,1,Crítica
469,2026-01-20 12:00:00,Manhã,M3,Peça B,Linha 1,F05,P052,OP036,Intermediária,Moderado,Normal,183.213,361.784,6.002,6.046,25.048,3.835,51.423,95.513,94.548,48.614,18.735,55,983.05,-0.691,3131,6.061,0,Boa
470,2026-01-20 13:00:00,Tarde,M1,Peça B,Linha 2,F21,P027,OP037,Atrasada,Moderado,Normal,179.054,354.298,5.798,5.809,35.57,2.207,59.898,99.778,99.926,42.585,28.17,87,1228.096,2.746,7466,7.345,0,Boa
471,2026-01-20 14:00:00,Tarde,M1,Peça A,Linha 2,F07,P006,OP016,Atrasada,Moderado,Crítica,177.368,351.263,5.722,5.733,31.599,5.03,43.472,95.959,97.428,42.788,28.524,66,1258.427,-0.433,2089,11.1,1,Crítica
472,2026-01-20 15:00:00,Tarde,M1,Peça D,Linha 3,F07,P001,OP030,Atrasada,Leve,Normal,180.709,357.276,5.695,5.767,38.054,1.509,49.283,94.22,96.177,35.617,24.981,75,1286.315,-0.191,8281,6.134,0,Boa
473,2026-01-20 16:00:00,Manhã,M4,Peça C,Linha 1,F09,P012,OP031,Intermediária,Leve,Normal,180.379,356.682,5.369,5.419,26.819,3.439,55.891,93.498,94.268,40.541,29.942,41,1055.768,-0.358,8861,5.728,0,Boa
474,2026-01-20 17:00:00,Manhã,M3,Peça A,Linha 1,F06,P005,OP028,Intermediária,Moderado,Crítica,185.713,366.283,5.662,5.713,34.754,3.975,58.844,94.114,93.939,43.753,27.113,58,1151.597,-0.277,6990,7.719,0,Atenção
475,2026-01-20 18:00:00,Manhã,M1,Peça A,Linha 1,F09,P008,OP008,Intermediária,Moderado,Atenção,170.55,338.991,6.674,6.65,31.698,2.719,54.172,88.374,89.112,42.738,32.694,54,1082.486,0.078,1729,7.843,0,Atenção
476,2026-01-20 19:00:00,Manhã,M4,Peça A,Linha 2,F07,P039,OP002,Atrasada,Severo,Normal,179.184,354.531,5.883,5.949,31.247,3.727,57.108,88.135,89.487,33.815,26.017,77,1244.161,0.921,6369,6.561,0,Boa
477,2026-01-20 20:00:00,Tarde,M2,Peça B,Linha 2,F15,P023,OP014,Intermediária,Leve,Normal,190.933,375.68,6.293,6.291,28.13,1.111,55.666,97.366,95.358,43.147,44.032,47,1116.493,0.404,6658,7.975,0,Atenção
478,2026-01-20 21:00:00,Tarde,M2,Peça D,Linha 1,F18,P006,OP006,Intermediária,Leve,Normal,177.044,350.68,4.885,4.878,33.787,2.997,53.61,95.958,97.44,44.653,21.653,38,1272.566,1.077,4356,6.908,0,Boa
479,2026-01-20 22:00:00,Tarde,M4,Peça C,Linha 1,F19,P021,OP012,Recente,Leve,Normal,180.759,357.366,6.256,6.191,34.028,4.032,52.483,97.97,97.425,47.688,17.06,6,1241.178,1.044,4305,5.378,0,Boa
480,2026-01-20 23:00:00,Tarde,M1,Peça A,Linha 3,F09,P009,OP026,Atrasada,Moderado,Crítica,174.211,345.579,5.871,5.881,37.915,3.102,51.377,97.411,96.876,39.51,22.322,81,1449.733,0.209,5222,8.295,0,Atenção
481,2026-01-21 00:00:00,Tarde,M1,Peça C,Linha 1,F07,P052,OP024,Intermediária,Leve,Atenção,180.546,356.984,5.783,5.751,35.024,3.588,56.971,91.312,90.958,34.29,24.014,41,1285.971,0.376,9961,7.164,0,Boa
482,2026-01-21 01:00:00,Manhã,M2,Peça A,Linha 1,F12,P001,OP009,Atrasada,Moderado,Atenção,176.471,349.649,6.081,6.094,30.218,2.863,58.492,89.566,89.887,38.212,17.683,75,1160.812,1.109,1032,7.957,0,Atenção
483,2026-01-21 02:00:00,Tarde,M1,Peça C,Linha 2,F16,P030,OP001,Intermediária,Moderado,Normal,177.835,352.103,5.753,5.718,29.228,2.854,56.686,89.066,87.955,38.641,28.887,64,1077.61,-1.111,5578,8.216,0,Atenção
484,2026-01-21 03:00:00,Manhã,M3,Peça A,Linha 1,F09,P032,OP010,Recente,Leve,Normal,185.614,366.105,5.044,5.098,27.895,2.484,44.982,89.575,89.29,44.799,10.568,0,1130.3,2.498,3852,4.725,0,Boa
485,2026-01-21 04:00:00,Manhã,M1,Peça B,Linha 1,F12,P003,OP019,Intermediária,Moderado,Atenção,175.166,347.3,6.415,6.432,36.42,2.739,46.509,92.552,93.077,32.036,27.85,61,1338.411,-0.513,5938,9.193,1,Crítica
486,2026-01-21 05:00:00,Tarde,M1,Peça D,Linha 2,F13,P006,OP032,Intermediária,Leve,Normal,182.901,361.221,6.085,6.154,29.905,2.232,58.39,90.539,90.757,41.556,17.572,46,1186.481,-0.351,1035,6.628,0,Boa
487,2026-01-21 06:00:00,Tarde,M1,Peça A,Linha 1,F11,P014,OP015,Recente,Leve,Normal,183.076,361.536,5.859,5.828,36.441,1.599,67.509,100.602,100.982,47.418,21.472,22,1155.659,-1.212,9260,5.695,0,Boa
488,2026-01-21 07:00:00,Manhã,M2,Peça B,Linha 2,F13,P039,OP012,Recente,Leve,Normal,185.786,366.414,5.541,5.588,33.815,2.367,56.296,99.005,98.681,42.387,27.627,25,1233.058,-1.182,5112,5.648,0,Boa
489,2026-01-21 08:00:00,Tarde,M1,Peça D,Linha 2,F03,P020,OP023,Intermediária,Moderado,Normal,179.531,355.155,5.315,5.26,33.23,4.033,51.501,92.471,93.164,46.666,40.624,60,1183.785,0.974,9725,7.002,0,Boa
490,2026-01-21 09:00:00,Tarde,M1,Peça A,Linha 2,F08,P025,OP003,Recente,Leve,Atenção,195.655,384.178,6.077,6.083,31.319,2.624,56.907,94.81,95.867,35.761,16.172,8,1221.763,2.27,2387,7.304,0,Boa
491,2026-01-21 10:00:00,Tarde,M4,Peça A,Linha 1,F10,P033,OP010,Intermediária,Moderado,Crítica,187.484,369.47,6.726,6.707,33.982,3.793,45.337,101.126,102.123,35.912,25.658,57,1219.293,-0.567,6252,8.102,0,Atenção
492,2026-01-21 11:00:00,Tarde,M2,Peça B,Linha 3,F01,P036,OP002,Atrasada,Moderado,Crítica,181.989,359.581,6.035,6.022,32.514,2.738,66.126,94.059,94.487,47.822,24.057,80,1221.853,0.347,7117,9.014,1,Crítica
493,2026-01-21 12:00:00,Tarde,M2,Peça A,Linha 1,F16,P017,OP022,Recente,Leve,Normal,175.745,348.341,5.378,5.362,30.892,1.836,56.586,94.982,95.921,42.385,17.421,8,1282.389,0.22,8164,5.164,0,Boa
494,2026-01-21 13:00:00,Manhã,M1,Peça A,Linha 2,F10,P019,OP018,Recente,Leve,Normal,178.295,352.932,6.077,6.05,34.328,3.408,49.31,95.653,96.524,42.392,17.71,0,1154.537,1.0,1081,5.888,0,Boa
495,2026-01-21 14:00:00,Noite,M2,Peça B,Linha 1,F02,P029,OP024,Recente,Leve,Normal,187.717,369.89,5.976,5.938,31.568,1.66,53.582,98.324,101.0,38.111,27.344,5,1244.675,2.219,6712,4.143,0,Boa
496,2026-01-21 15:00:00,Tarde,M1,Peça C,Linha 2,F15,P009,OP025,Atrasada,Moderado,Atenção,187.69,369.841,6.365,6.352,29.845,2.601,50.52,94.706,95.924,43.193,24.592,69,962.188,1.521,2330,7.031,0,Boa
497,2026-01-21 16:00:00,Tarde,M3,Peça A,Linha 1,F12,P038,OP016,Atrasada,Moderado,Crítica,188.887,371.997,6.273,6.277,33.799,3.315,66.149,95.324,95.235,37.645,41.896,80,1284.989,-0.239,4846,10.053,1,Crítica
498,2026-01-21 17:00:00,Tarde,M1,Peça A,Linha 1,F13,P001,OP035,Atrasada,Severo,Atenção,182.883,361.189,4.656,4.691,31.808,2.95,53.281,95.503,94.591,46.51,31.936,93,1034.765,0.529,1480,8.032,0,Atenção
499,2026-01-21 18:00:00,Manhã,M4,Peça C,Linha 2,F06,P007,OP037,Recente,Leve,Normal,175.471,347.847,6.221,6.23,33.707,3.34,56.321,97.384,97.123,53.176,16.1,2,1102.993,0.628,1515,8.558,0,Atenção
500,2026-01-21 19:00:00,Tarde,M4,Peça B,Linha 1,F16,P034,OP005,Intermediária,Leve,Atenção,184.533,364.16,5.548,5.583,30.638,2.527,59.877,94.238,93.907,44.199,23.4,45,1063.317,-0.02,7896,8.598,1,Atenção
501,2026-01-21 20:00:00,Noite,M1,Peça C,Linha 1,F06,P012,OP037,Recente,Leve,Normal,172.345,342.22,5.36,5.316,28.373,2.441,48.703,86.118,86.629,40.397,17.509,4,1114.99,-1.096,7458,8.981,1,Crítica
502,2026-01-21 21:00:00,Noite,M1,Peça B,Linha 2,F09,P005,OP008,Intermediária,Leve,Normal,171.065,339.917,5.891,5.878,37.445,2.385,56.647,98.073,97.373,32.732,29.6,35,1395.217,-0.799,9056,5.683,0,Boa
503,2026-01-21 22:00:00,Noite,M1,Peça D,Linha 3,F01,P006,OP010,Recente,Leve,Normal,180.044,356.079,6.129,6.15,37.2,2.549,57.333,99.189,100.382,36.859,14.487,29,1200.145,1.148,7301,5.865,0,Boa
504,2026-01-21 23:00:00,Tarde,M3,Peça B,Linha 1,F11,P020,OP022,Intermediária,Moderado,Atenção,183.921,363.057,5.262,5.272,34.651,4.053,41.79,95.211,93.821,48.268,18.514,57,1164.276,1.251,6361,7.934,0,Atenção
505,2026-01-22 00:00:00,Tarde,M1,Peça A,Linha 3,F12,P037,OP002,Atrasada,Moderado,Atenção,183.498,362.296,6.261,6.235,31.397,2.011,57.148,92.737,91.104,38.089,25.331,86,1167.713,-0.208,2050,7.519,0,Atenção
506,2026-01-22 01:00:00,Noite,M4,Peça C,Linha 2,F09,P003,OP015,Atrasada,Severo,Crítica,184.585,364.253,6.32,6.348,31.339,4.008,54.611,94.685,94.55,41.401,32.178,76,1269.16,0.261,7885,9.664,1,Crítica
507,2026-01-22 02:00:00,Manhã,M3,Peça B,Linha 3,F08,P001,OP008,Recente,Leve,Normal,183.964,363.136,5.965,5.949,36.707,3.525,56.105,95.706,94.864,44.85,29.878,6,1272.68,1.197,3070,6.681,0,Boa
508,2026-01-22 03:00:00,Noite,M3,Peça A,Linha 2,F15,P017,OP020,Recente,Moderado,Normal,176.08,348.944,5.586,5.562,31.179,3.974,55.303,88.444,87.186,47.633,32.043,22,1057.151,-1.704,1959,9.013,1,Crítica
509,2026-01-22 04:00:00,Tarde,M2,Peça A,Linha 2,F12,P048,OP033,Recente,Leve,Normal,179.754,355.557,5.535,5.55,30.342,2.913,57.203,90.95,90.313,41.242,27.259,26,1129.193,-0.446,7588,7.753,0,Atenção
510,2026-01-22 05:00:00,Manhã,M4,Peça B,Linha 2,F04,P010,OP037,Recente,Moderado,Atenção,174.163,345.493,6.438,6.438,37.857,4.236,66.367,96.349,95.588,40.822,23.343,23,1389.031,2.018,6291,9.478,1,Crítica
511,2026-01-22 06:00:00,Manhã,M1,Peça A,Linha 2,F21,P049,OP009,Intermediária,Leve,Atenção,168.382,335.088,5.296,5.28,32.097,2.688,44.974,88.191,88.201,42.272,29.408,33,1224.702,0.299,2347,7.974,0,Atenção
512,2026-01-22 07:00:00,Noite,M2,Peça A,Linha 3,F12,P041,OP022,Intermediária,Moderado,Atenção,184.151,363.472,6.423,6.406,37.865,3.282,52.092,98.774,98.154,39.615,19.693,57,1249.176,-1.129,5942,8.168,0,Atenção
513,2026-01-22 08:00:00,Manhã,M2,Peça A,Linha 1,F23,P010,OP019,Atrasada,Moderado,Normal,176.384,349.491,5.926,5.894,27.805,2.023,60.666,93.842,93.303,39.819,16.532,70,1105.726,0.117,7217,6.362,0,Boa
514,2026-01-22 09:00:00,Manhã,M4,Peça B,Linha 1,F22,P035,OP017,Atrasada,Moderado,Crítica,186.537,367.767,5.957,5.945,33.555,2.007,59.088,99.682,99.677,43.925,31.74,89,1182.399,1.021,5489,5.936,0,Boa
515,2026-01-22 10:00:00,Manhã,M2,Peça A,Linha 1,F19,P027,OP026,Atrasada,Moderado,Atenção,186.063,366.914,5.231,5.264,38.213,3.245,58.905,99.347,100.361,42.704,21.246,66,1256.631,-2.547,7461,9.717,1,Crítica
516,2026-01-22 11:00:00,Manhã,M3,Peça B,Linha 3,F13,P019,OP040,Recente,Moderado,Atenção,177.98,352.363,5.878,5.885,32.649,3.702,78.405,90.352,91.822,50.46,23.848,28,1031.853,0.176,5540,9.167,1,Crítica
517,2026-01-22 12:00:00,Manhã,M1,Peça A,Linha 1,F10,P015,OP017,Recente,Moderado,Normal,181.87,359.365,6.276,6.305,31.208,3.109,60.22,96.605,96.753,43.668,24.078,17,1115.413,-0.372,4179,6.714,0,Boa
518,2026-01-22 13:00:00,Noite,M4,Peça A,Linha 2,F03,P035,OP003,Intermediária,Leve,Normal,178.562,353.412,5.375,5.39,28.737,3.309,64.613,93.998,94.223,46.374,26.289,35,1175.993,-1.642,3010,8.84,1,Atenção
519,2026-01-22 14:00:00,Manhã,M2,Peça B,Linha 3,F09,P033,OP037,Atrasada,Moderado,Crítica,170.701,339.263,6.168,6.15,35.807,4.04,52.39,95.35,95.167,38.289,33.627,75,1253.634,0.082,3323,8.907,1,Crítica
520,2026-01-22 15:00:00,Noite,M2,Peça A,Linha 3,F14,P031,OP038,Atrasada,Severo,Atenção,180.941,357.694,5.984,5.935,30.25,2.701,46.56,99.735,100.216,43.996,34.512,94,1130.329,-0.136,8281,4.241,0,Boa
521,2026-01-22 16:00:00,Noite,M4,Peça B,Linha 1,F08,P058,OP013,Intermediária,Moderado,Normal,179.551,355.193,5.71,5.683,31.716,5.705,52.328,91.183,91.573,39.613,26.13,37,1202.023,-0.024,4356,11.592,1,Crítica
522,2026-01-22 17:00:00,Manhã,M2,Peça A,Linha 2,F17,P017,OP021,Recente,Leve,Normal,178.012,352.421,6.361,6.34,28.536,3.387,61.052,84.307,85.633,43.503,20.628,16,1242.226,-0.348,7444,4.819,0,Boa
523,2026-01-22 18:00:00,Manhã,M2,Peça A,Linha 3,F02,P034,OP035,Recente,Leve,Normal,190.572,375.029,4.953,4.931,37.231,4.117,58.458,97.474,95.585,44.616,22.647,0,1258.37,-1.021,4232,8.281,0,Atenção
524,2026-01-22 19:00:00,Tarde,M2,Peça A,Linha 1,F06,P039,OP021,Recente,Leve,Normal,172.366,342.258,6.156,6.185,35.465,2.794,58.428,97.102,96.867,42.19,18.983,7,1308.674,-1.455,5728,7.121,0,Boa
525,2026-01-22 20:00:00,Manhã,M1,Peça B,Linha 2,F08,P007,OP020,Intermediária,Leve,Normal,180.791,357.424,6.705,6.734,32.145,2.447,53.178,96.834,97.173,51.508,25.621,60,1082.169,-0.691,6462,6.475,0,Boa
526,2026-01-22 21:00:00,Manhã,M2,Peça A,Linha 1,F07,P002,OP037,Intermediária,Leve,Normal,175.127,347.229,6.648,6.714,28.538,2.026,51.823,88.75,88.724,47.426,42.189,56,1066.128,0.859,5299,7.486,0,Atenção
527,2026-01-22 22:00:00,Noite,M1,Peça C,Linha 2,F02,P014,OP034,Intermediária,Moderado,Atenção,183.523,362.341,6.151,6.129,36.848,3.971,53.471,95.349,94.41,47.284,27.973,61,1233.027,0.233,7693,8.297,0,Atenção
528,2026-01-22 23:00:00,Noite,M1,Peça A,Linha 2,F03,P038,OP021,Recente,Leve,Normal,180.352,356.633,5.84,5.888,31.142,3.074,61.158,93.307,92.007,44.904,24.861,2,1099.782,-0.069,9316,7.417,0,Atenção
529,2026-01-23 00:00:00,Noite,M4,Peça B,Linha 1,F16,P010,OP007,Intermediária,Moderado,Normal,183.973,363.151,5.714,5.762,28.684,4.016,62.146,90.934,91.74,49.061,21.047,41,1060.67,-1.04,8754,7.162,0,Boa
530,2026-01-23 01:00:00,Manhã,M2,Peça B,Linha 1,F08,P028,OP018,Recente,Moderado,Atenção,175.387,347.696,5.864,5.857,26.714,6.89,46.447,90.719,89.962,36.9,29.48,17,1175.832,-0.374,9291,11.344,1,Crítica
531,2026-01-23 02:00:00,Tarde,M2,Peça A,Linha 1,F01,P001,OP028,Intermediária,Leve,Normal,176.319,349.374,6.245,6.259,30.062,3.211,61.48,92.158,90.403,47.207,29.042,31,1062.646,0.737,1269,6.267,0,Boa
532,2026-01-23 03:00:00,Tarde,M2,Peça B,Linha 1,F01,P012,OP011,Intermediária,Moderado,Atenção,185.122,365.219,5.637,5.674,27.636,2.225,49.469,89.913,90.769,38.593,31.324,59,1127.302,0.505,7833,8.932,1,Crítica
533,2026-01-23 04:00:00,Tarde,M2,Peça A,Linha 2,F07,P023,OP022,Recente,Leve,Normal,189.508,373.115,6.317,6.315,30.372,2.873,58.986,92.752,93.211,39.856,25.369,26,1210.223,-0.477,7538,6.605,0,Boa
534,2026-01-23 05:00:00,Tarde,M3,Peça B,Linha 1,F03,P005,OP027,Intermediária,Moderado,Normal,183.698,362.656,6.96,6.956,34.233,2.788,53.368,97.747,97.631,44.493,33.165,62,1155.277,-2.611,4711,7.048,0,Boa
535,2026-01-23 06:00:00,Manhã,M4,Peça A,Linha 1,F12,P042,OP004,Recente,Leve,Normal,177.333,351.2,5.972,5.953,30.874,3.393,68.309,94.815,93.901,46.686,31.79,27,1194.65,-0.675,3827,6.86,0,Boa
536,2026-01-23 07:00:00,Manhã,M4,Peça C,Linha 2,F14,P005,OP023,Intermediária,Moderado,Normal,183.762,362.772,5.371,5.3,33.307,3.55,51.446,95.846,95.733,38.426,27.539,48,1234.916,-0.483,1478,6.291,0,Boa
537,2026-01-23 08:00:00,Tarde,M2,Peça D,Linha 2,F04,P043,OP030,Intermediária,Leve,Atenção,192.923,379.261,5.371,5.373,30.07,2.87,56.518,96.084,97.299,41.312,24.752,43,1142.166,-0.907,8546,8.875,1,Atenção
538,2026-01-23 09:00:00,Manhã,M2,Peça A,Linha 2,F10,P007,OP009,Intermediária,Leve,Normal,180.833,357.499,6.325,6.304,32.436,2.094,60.156,94.054,92.439,42.371,30.247,36,1066.756,-0.413,8560,6.153,0,Boa
539,2026-01-23 10:00:00,Manhã,M2,Peça B,Linha 3,F03,P056,OP022,Recente,Moderado,Atenção,187.902,370.223,5.917,5.885,38.323,4.107,47.571,96.876,95.312,41.652,17.455,11,1275.829,0.817,1681,9.734,1,Crítica
540,2026-01-23 11:00:00,Noite,M2,Peça C,Linha 1,F05,P023,OP029,Intermediária,Moderado,Atenção,176.45,349.611,6.395,6.407,30.955,3.356,54.381,91.962,91.334,46.055,22.012,54,1157.09,-0.037,6238,7.759,0,Atenção
541,2026-01-23 12:00:00,Noite,M2,Peça A,Linha 3,F17,P003,OP002,Atrasada,Moderado,Normal,180.081,356.146,5.704,5.66,33.713,2.853,52.734,98.147,98.121,55.057,29.2,94,1226.164,0.99,5960,5.694,0,Boa
542,2026-01-23 13:00:00,Tarde,M3,Peça C,Linha 1,F09,P003,OP026,Intermediária,Moderado,Normal,184.422,363.959,6.374,6.398,27.303,4.004,50.633,99.218,98.722,44.403,16.432,61,1114.711,-1.508,2551,8.212,0,Atenção
543,2026-01-23 14:00:00,Noite,M2,Peça B,Linha 2,F17,P003,OP011,Atrasada,Moderado,Atenção,182.366,360.259,5.905,5.919,36.8,3.378,51.262,93.864,94.506,39.566,32.566,70,1353.015,-0.305,5937,7.697,0,Atenção
544,2026-01-23 15:00:00,Noite,M2,Peça D,Linha 3,F04,P022,OP016,Atrasada,Moderado,Atenção,176.315,349.367,5.614,5.602,31.128,3.431,64.452,90.577,91.665,38.333,22.303,76,1119.432,-1.939,8304,9.299,1,Crítica
545,2026-01-23 16:00:00,Manhã,M2,Peça D,Linha 3,F05,P035,OP026,Recente,Leve,Normal,176.091,348.963,5.764,5.762,35.712,3.697,49.912,96.367,96.646,42.024,19.411,3,1241.031,-0.427,3938,5.873,0,Boa
546,2026-01-23 17:00:00,Tarde,M2,Peça A,Linha 2,F07,P014,OP001,Atrasada,Severo,Crítica,185.439,365.79,5.437,5.402,31.87,3.087,59.814,94.134,94.694,38.427,26.72,75,1277.924,-1.046,7530,8.341,0,Atenção
547,2026-01-23 18:00:00,Tarde,M1,Peça B,Linha 2,F08,P016,OP001,Recente,Leve,Normal,184.996,364.993,6.871,6.894,34.075,3.308,57.674,100.227,100.499,44.137,24.076,23,1151.124,1.281,9731,7.154,0,Boa
548,2026-01-23 19:00:00,Manhã,M1,Peça B,Linha 1,F25,P022,OP018,Intermediária,Moderado,Atenção,186.663,367.994,5.957,5.962,34.013,3.362,43.126,97.026,97.035,44.078,24.978,63,1261.604,0.41,5092,8.233,0,Atenção
549,2026-01-23 20:00:00,Noite,M3,Peça A,Linha 2,F02,P020,OP038,Atrasada,Moderado,Crítica,190.58,375.045,6.266,6.274,30.883,3.456,59.413,94.974,93.681,40.24,29.036,93,1218.208,1.015,1962,7.558,0,Atenção
550,2026-01-23 21:00:00,Tarde,M2,Peça A,Linha 2,F16,P027,OP001,Atrasada,Moderado,Atenção,181.0,357.8,5.734,5.749,35.516,2.857,42.985,101.303,100.275,49.543,28.362,84,1208.967,-0.429,3675,7.481,0,Atenção
551,2026-01-23 22:00:00,Tarde,M1,Peça D,Linha 3,F17,P017,OP032,Intermediária,Moderado,Normal,177.182,350.927,5.471,5.451,30.283,4.047,60.339,97.707,96.356,40.465,22.438,39,1142.116,-1.02,2227,6.731,0,Boa
552,2026-01-23 23:00:00,Manhã,M2,Peça A,Linha 2,F09,P029,OP003,Atrasada,Moderado,Crítica,187.325,369.185,5.871,5.825,34.574,2.689,50.689,101.37,101.222,41.546,23.681,79,1172.328,-1.052,4174,9.262,1,Crítica
553,2026-01-24 00:00:00,Manhã,M3,Peça B,Linha 1,F05,P058,OP020,Intermediária,Moderado,Normal,184.908,364.834,6.496,6.524,30.829,3.676,55.071,95.556,95.789,44.789,33.129,58,1247.93,0.265,6797,8.344,0,Atenção
554,2026-01-24 01:00:00,Noite,M1,Peça C,Linha 2,F08,P012,OP018,Recente,Leve,Normal,173.691,344.644,5.742,5.762,33.289,3.231,43.999,95.117,93.667,46.2,10.334,12,1213.709,1.81,2823,5.107,0,Boa
555,2026-01-24 02:00:00,Manhã,M3,Peça A,Linha 1,F05,P001,OP019,Recente,Leve,Normal,175.825,348.485,5.608,5.592,30.614,2.954,56.04,94.123,94.196,46.855,22.526,22,1143.506,0.412,5628,6.331,0,Boa
556,2026-01-24 03:00:00,Manhã,M4,Peça B,Linha 1,F15,P004,OP004,Atrasada,Severo,Crítica,184.558,364.204,6.07,6.082,32.15,3.197,62.879,96.228,95.353,43.988,26.387,90,1146.01,-0.375,9981,7.255,0,Boa
557,2026-01-24 04:00:00,Manhã,M2,Peça D,Linha 1,F08,P021,OP031,Atrasada,Severo,Normal,179.378,354.881,6.225,6.262,28.776,3.022,48.141,90.928,89.859,47.253,31.393,86,1089.465,-0.189,3379,6.549,0,Boa
558,2026-01-24 05:00:00,Tarde,M3,Peça B,Linha 2,F19,P012,OP012,Atrasada,Moderado,Normal,181.063,357.913,6.715,6.749,32.983,3.102,49.839,97.664,97.039,39.833,19.994,84,1224.743,-0.031,8918,6.421,0,Boa
559,2026-01-24 06:00:00,Tarde,M1,Peça A,Linha 1,F10,P046,OP031,Intermediária,Leve,Normal,184.377,363.879,6.159,6.142,32.133,1.852,58.864,97.009,95.888,45.489,21.881,36,1183.958,2.027,3738,5.436,0,Boa
560,2026-01-24 07:00:00,Tarde,M4,Peça A,Linha 1,F08,P024,OP027,Recente,Leve,Crítica,185.947,366.705,6.29,6.245,30.38,3.227,59.077,95.523,96.13,45.438,23.786,30,1172.826,1.234,6526,5.259,0,Boa
561,2026-01-24 08:00:00,Manhã,M2,Peça D,Linha 1,F12,P019,OP023,Atrasada,Severo,Crítica,187.215,368.988,6.324,6.284,31.835,3.425,34.309,93.359,93.191,49.009,34.5,76,1083.017,0.26,2413,10.431,1,Crítica
562,2026-01-24 09:00:00,Manhã,M4,Peça A,Linha 3,F08,P034,OP013,Recente,Leve,Normal,171.956,341.521,5.425,5.416,32.962,4.473,72.131,91.626,92.441,35.66,24.073,1,1155.701,0.11,3412,9.086,1,Crítica
563,2026-01-24 10:00:00,Noite,M2,Peça B,Linha 2,F18,P009,OP027,Atrasada,Severo,Atenção,181.618,358.912,5.543,5.586,30.391,3.432,59.493,87.333,86.889,38.913,21.699,85,1179.705,0.299,8809,7.632,0,Atenção
564,2026-01-24 11:00:00,Tarde,M1,Peça A,Linha 1,F03,P035,OP040,Intermediária,Leve,Normal,182.412,360.342,5.512,5.49,31.614,1.11,60.924,93.051,92.645,45.128,23.635,57,1048.318,0.494,6307,6.65,0,Boa
565,2026-01-24 12:00:00,Tarde,M1,Peça B,Linha 1,F22,P001,OP037,Intermediária,Moderado,Crítica,170.862,339.551,5.401,5.383,28.983,5.717,53.78,86.521,88.395,32.285,32.116,60,1176.287,-0.413,6125,13.269,1,Crítica
566,2026-01-24 13:00:00,Tarde,M3,Peça D,Linha 2,F15,P024,OP037,Intermediária,Moderado,Normal,177.795,352.03,6.334,6.315,39.277,3.239,39.229,100.222,98.599,45.13,18.075,41,1260.531,-0.844,5596,6.061,0,Boa
567,2026-01-24 14:00:00,Noite,M2,Peça B,Linha 1,F16,P046,OP009,Atrasada,Moderado,Atenção,175.929,348.673,6.131,6.115,35.177,3.367,60.735,102.589,103.874,46.387,28.968,93,1237.987,1.032,3203,10.33,1,Crítica
568,2026-01-24 15:00:00,Manhã,M1,Peça D,Linha 2,F08,P033,OP024,Atrasada,Moderado,Normal,178.913,354.043,6.012,6.011,33.059,3.043,50.196,97.14,98.794,41.07,27.625,71,1326.534,0.022,9361,7.774,0,Atenção
569,2026-01-24 16:00:00,Manhã,M3,Peça A,Linha 1,F16,P038,OP016,Recente,Leve,Normal,189.665,373.397,4.833,4.795,35.516,3.225,59.623,101.955,102.721,40.365,20.085,5,1140.062,0.949,4540,8.071,0,Atenção
570,2026-01-24 17:00:00,Tarde,M4,Peça B,Linha 3,F05,P014,OP039,Intermediária,Moderado,Crítica,192.517,378.531,6.869,6.901,26.622,3.656,53.14,95.286,94.955,38.278,42.095,49,1247.704,1.646,1103,9.528,1,Crítica
571,2026-01-24 18:00:00,Manhã,M2,Peça C,Linha 1,F14,P036,OP039,Atrasada,Severo,Normal,176.066,348.918,5.598,5.593,24.327,3.147,57.023,91.629,93.056,40.828,26.004,81,1038.104,0.521,9159,5.035,0,Boa
572,2026-01-24 19:00:00,Noite,M2,Peça B,Linha 2,F02,P020,OP035,Recente,Leve,Normal,183.038,361.469,6.899,6.974,31.042,3.946,48.413,99.766,99.444,40.488,25.259,7,1196.209,0.359,1418,6.769,0,Boa
573,2026-01-24 20:00:00,Tarde,M1,Peça A,Linha 1,F05,P024,OP007,Atrasada,Moderado,Atenção,181.706,359.07,5.348,5.313,27.864,2.787,62.347,88.749,88.044,39.405,23.002,70,1040.831,3.2,8980,7.867,0,Atenção
574,2026-01-24 21:00:00,Noite,M3,Peça C,Linha 3,F07,P002,OP013,Recente,Leve,Normal,183.216,361.788,5.578,5.626,31.85,4.218,44.899,92.49,92.101,40.007,27.006,23,1253.068,0.207,3393,6.934,0,Boa
575,2026-01-24 22:00:00,Noite,M2,Peça A,Linha 3,F05,P007,OP029,Intermediária,Moderado,Normal,182.375,360.274,4.953,4.994,33.177,3.611,74.087,97.478,96.907,40.97,31.065,48,1212.883,-1.091,1621,7.046,0,Boa
576,2026-01-24 23:00:00,Tarde,M4,Peça B,Linha 2,F06,P020,OP030,Atrasada,Severo,Crítica,183.579,362.443,6.139,6.127,35.001,4.156,74.023,96.939,95.993,41.284,25.112,83,1237.345,-0.281,2983,8.17,0,Atenção
577,2026-01-25 00:00:00,Noite,M2,Peça D,Linha 2,F15,P002,OP015,Intermediária,Leve,Atenção,189.075,372.336,5.48,5.469,28.825,2.091,68.878,96.137,97.247,50.382,25.352,46,949.939,1.552,6886,7.903,0,Atenção
578,2026-01-25 01:00:00,Tarde,M2,Peça A,Linha 1,F04,P030,OP006,Recente,Leve,Atenção,186.033,366.859,5.517,5.49,33.199,3.726,65.842,95.372,94.598,40.502,16.868,3,1218.493,-1.294,5911,7.752,0,Atenção
579,2026-01-25 02:00:00,Noite,M1,Peça A,Linha 3,F13,P037,OP006,Recente,Leve,Atenção,173.287,343.917,5.326,5.299,32.603,2.502,54.281,92.333,92.304,43.308,15.214,1,1234.452,-0.752,2376,7.483,0,Atenção
580,2026-01-25 03:00:00,Manhã,M1,Peça A,Linha 2,F01,P044,OP028,Atrasada,Moderado,Atenção,182.938,361.288,6.326,6.326,33.283,3.265,64.916,100.139,98.695,39.808,33.741,69,1206.254,1.106,3701,8.554,0,Atenção
581,2026-01-25 04:00:00,Tarde,M3,Peça A,Linha 1,F14,P004,OP019,Atrasada,Moderado,Normal,185.84,366.513,6.32,6.321,30.441,2.718,54.182,91.184,91.215,39.76,25.716,88,1240.068,-0.272,2897,8.563,0,Atenção
582,2026-01-25 05:00:00,Tarde,M2,Peça A,Linha 2,F14,P046,OP020,Recente,Leve,Normal,181.938,359.488,6.791,6.743,36.389,2.23,41.795,98.653,97.497,35.523,9.678,27,1374.319,-0.11,6878,5.157,0,Boa
583,2026-01-25 06:00:00,Manhã,M2,Peça B,Linha 2,F06,P003,OP033,Atrasada,Severo,Crítica,186.183,367.13,5.667,5.736,31.929,4.357,67.777,95.649,94.468,36.389,39.632,88,1181.543,1.073,8777,11.032,1,Crítica
584,2026-01-25 07:00:00,Tarde,M4,Peça A,Linha 3,F13,P017,OP001,Intermediária,Leve,Normal,182.978,361.36,6.042,6.035,37.883,3.028,64.595,93.664,93.555,37.413,20.627,43,1415.699,-0.717,3295,5.654,0,Boa
585,2026-01-25 08:00:00,Noite,M4,Peça B,Linha 2,F19,P037,OP031,Recente,Leve,Normal,183.042,361.476,5.396,5.398,29.869,4.467,54.734,91.434,92.491,43.058,20.922,5,1138.95,-1.469,9055,5.967,0,Boa
586,2026-01-25 09:00:00,Tarde,M4,Peça A,Linha 2,F15,P003,OP011,Intermediária,Moderado,Normal,182.63,360.735,5.825,5.806,34.468,3.727,44.586,95.605,96.046,46.089,35.845,50,1200.791,-1.389,4672,6.281,0,Boa
587,2026-01-25 10:00:00,Manhã,M1,Peça A,Linha 2,F06,P001,OP038,Atrasada,Moderado,Crítica,168.305,334.949,5.743,5.735,32.061,2.527,50.017,92.267,92.776,35.211,28.51,92,1236.562,0.582,1744,10.6,1,Crítica
588,2026-01-25 11:00:00,Manhã,M2,Peça A,Linha 1,F08,P001,OP039,Recente,Leve,Normal,179.882,355.787,6.209,6.198,31.017,2.971,39.52,92.209,92.079,39.914,22.86,23,1183.066,0.259,3901,6.883,0,Boa
589,2026-01-25 12:00:00,Manhã,M4,Peça B,Linha 1,F14,P019,OP021,Atrasada,Moderado,Normal,178.525,353.345,6.458,6.458,33.897,2.876,63.033,93.051,92.715,37.166,21.911,91,1092.176,-0.693,8864,7.825,0,Atenção
590,2026-01-25 13:00:00,Manhã,M2,Peça B,Linha 1,F05,P035,OP013,Intermediária,Moderado,Normal,174.13,345.435,6.446,6.446,31.102,3.063,41.372,88.094,88.886,41.356,17.071,61,1159.224,-1.159,8275,6.836,0,Boa
591,2026-01-25 14:00:00,Noite,M1,Peça A,Linha 2,F15,P004,OP010,Intermediária,Leve,Normal,186.257,367.262,5.597,5.621,24.254,2.096,57.438,98.066,97.503,46.088,23.962,37,932.122,-0.271,7555,4.391,0,Boa
592,2026-01-25 15:00:00,Tarde,M3,Peça C,Linha 1,F05,P004,OP008,Intermediária,Severo,Normal,183.822,362.879,6.449,6.456,22.811,3.255,47.829,89.758,90.592,41.112,29.377,65,1120.402,1.117,4588,8.483,0,Atenção
593,2026-01-25 16:00:00,Manhã,M2,Peça B,Linha 1,F15,P021,OP040,Intermediária,Moderado,Normal,180.145,356.261,5.98,6.001,35.817,3.673,42.873,99.103,100.339,42.179,26.873,38,1344.62,-0.836,7980,4.93,0,Boa
594,2026-01-25 17:00:00,Tarde,M2,Peça A,Linha 1,F02,P008,OP008,Recente,Leve,Normal,177.363,351.253,5.854,5.854,35.691,3.165,57.026,96.354,95.513,47.53,19.752,8,1260.841,-0.663,7391,8.511,0,Atenção
595,2026-01-25 18:00:00,Manhã,M4,Peça C,Linha 1,F01,P030,OP018,Atrasada,Moderado,Normal,183.54,362.372,5.681,5.688,37.662,2.849,52.163,97.449,96.754,44.55,28.682,82,1251.758,-1.191,8125,8.002,0,Atenção
596,2026-01-25 19:00:00,Manhã,M3,Peça A,Linha 2,F25,P047,OP020,Intermediária,Leve,Crítica,186.355,367.44,5.724,5.717,32.187,3.903,62.125,100.534,99.988,39.112,13.777,35,1145.111,-0.367,6019,9.892,1,Crítica
597,2026-01-25 20:00:00,Tarde,M2,Peça A,Linha 1,F17,P032,OP028,Intermediária,Moderado,Atenção,176.0,348.8,6.784,6.814,28.122,2.995,44.225,85.257,83.79,42.604,29.001,53,1068.516,0.338,5564,6.225,0,Boa
598,2026-01-25 21:00:00,Tarde,M2,Peça B,Linha 1,F17,P040,OP034,Atrasada,Moderado,Normal,180.275,356.495,6.138,6.148,30.741,2.72,48.563,94.551,94.082,39.215,28.568,70,1295.394,2.115,9699,4.662,0,Boa
599,2026-01-25 22:00:00,Noite,M2,Peça A,Linha 2,F20,P019,OP023,Recente,Leve,Normal,184.814,364.665,6.055,6.05,32.274,3.485,34.705,92.092,93.393,43.598,34.402,7,1134.22,0.218,9521,6.781,0,Boa
600,2026-01-25 23:00:00,Tarde,M1,Peça A,Linha 1,F07,P036,OP031,Atrasada,Moderado,Crítica,168.733,335.719,5.882,5.876,28.979,2.691,36.433,88.614,87.568,43.958,27.485,68,972.576,-0.054,5824,9.375,1,Crítica
601,2026-01-26 00:00:00,Tarde,M3,Peça C,Linha 1,F04,P006,OP023,Intermediária,Leve,Normal,180.901,357.621,7.101,7.097,36.946,2.754,70.285,95.299,96.625,37.615,19.064,34,1363.529,0.863,2803,6.172,0,Boa
602,2026-01-26 01:00:00,Noite,M3,Peça A,Linha 1,F02,P003,OP018,Intermediária,Severo,Atenção,178.968,354.142,6.587,6.588,38.719,4.551,72.711,96.407,95.974,42.666,25.776,51,1388.304,0.696,4680,8.049,0,Atenção
603,2026-01-26 02:00:00,Noite,M1,Peça C,Linha 3,F08,P026,OP007,Intermediária,Moderado,Normal,178.104,352.587,5.62,5.618,33.995,2.951,55.788,96.176,98.29,42.363,23.473,43,1314.918,-0.578,5544,7.4,0,Atenção
604,2026-01-26 03:00:00,Noite,M1,Peça D,Linha 1,F03,P002,OP009,Atrasada,Moderado,Atenção,176.192,349.145,5.877,5.86,31.967,2.999,47.997,87.131,86.449,45.33,30.448,73,1220.406,2.302,7093,8.578,0,Atenção
605,2026-01-26 04:00:00,Noite,M4,Peça B,Linha 2,F20,P041,OP018,Recente,Leve,Normal,182.716,360.888,5.88,5.903,28.355,3.459,52.463,92.92,92.776,45.519,23.521,17,1163.849,-0.024,3866,5.946,0,Boa
606,2026-01-26 05:00:00,Noite,M1,Peça B,Linha 3,F01,P027,OP002,Recente,Leve,Normal,188.803,371.845,6.01,6.034,37.199,3.639,62.425,99.899,98.989,44.174,15.24,10,1263.543,0.236,1408,7.909,0,Atenção
607,2026-01-26 06:00:00,Noite,M2,Peça B,Linha 2,F02,P048,OP013,Intermediária,Moderado,Normal,178.616,353.508,5.66,5.714,32.469,2.731,50.628,89.47,88.782,41.208,15.306,39,1071.408,0.551,8401,5.112,0,Boa
608,2026-01-26 07:00:00,Manhã,M2,Peça D,Linha 1,F04,P011,OP019,Recente,Leve,Normal,181.817,359.27,6.197,6.179,31.133,2.248,57.02,99.938,101.276,46.807,24.457,11,1134.411,0.346,9540,5.514,0,Boa
609,2026-01-26 08:00:00,Noite,M3,Peça A,Linha 2,F03,P018,OP019,Recente,Leve,Atenção,191.573,376.831,6.629,6.649,33.684,2.909,54.892,95.525,96.0,38.682,32.139,23,1272.821,1.525,1744,6.787,0,Boa
610,2026-01-26 09:00:00,Tarde,M1,Peça A,Linha 2,F04,P030,OP033,Intermediária,Moderado,Normal,175.94,348.692,5.385,5.328,30.483,3.662,50.165,90.686,91.715,36.982,27.436,62,1181.701,-0.59,3866,8.355,0,Atenção
611,2026-01-26 10:00:00,Tarde,M3,Peça B,Linha 1,F11,P008,OP039,Atrasada,Severo,Crítica,190.636,375.145,5.492,5.517,32.441,3.963,50.527,92.223,90.908,30.218,33.04,77,1261.556,0.783,4902,9.273,1,Crítica
612,2026-01-26 11:00:00,Tarde,M2,Peça B,Linha 2,F05,P020,OP030,Intermediária,Moderado,Normal,180.328,356.59,5.759,5.715,27.913,2.906,57.493,91.258,91.913,42.093,33.277,65,1049.925,0.165,7843,5.433,0,Boa
613,2026-01-26 12:00:00,Noite,M3,Peça A,Linha 1,F10,P026,OP004,Recente,Moderado,Atenção,190.466,374.839,5.803,5.774,35.261,4.243,46.696,101.512,100.54,38.878,26.001,30,1202.452,0.983,7960,9.189,1,Crítica
614,2026-01-26 13:00:00,Noite,M1,Peça B,Linha 1,F18,P052,OP017,Atrasada,Moderado,Atenção,182.701,360.862,6.899,6.909,31.687,3.358,58.84,103.312,101.975,43.871,23.273,77,1273.55,-0.215,4089,6.469,0,Boa
615,2026-01-26 14:00:00,Manhã,M2,Peça A,Linha 1,F10,P030,OP030,Intermediária,Moderado,Normal,181.897,359.415,6.451,6.432,35.476,2.827,50.992,98.248,98.487,34.509,26.212,38,1409.471,-0.35,3810,9.246,1,Crítica
616,2026-01-26 15:00:00,Noite,M2,Peça D,Linha 1,F12,P004,OP024,Recente,Leve,Normal,179.959,355.926,6.425,6.402,31.397,3.144,56.083,97.024,97.253,40.801,30.602,17,1179.375,0.732,4646,7.153,0,Boa
617,2026-01-26 16:00:00,Noite,M1,Peça A,Linha 1,F06,P017,OP019,Atrasada,Moderado,Atenção,175.555,347.999,5.881,5.866,31.591,3.014,66.764,98.97,99.023,43.787,30.859,71,1179.027,0.358,3164,9.923,1,Crítica
618,2026-01-26 17:00:00,Manhã,M1,Peça A,Linha 2,F03,P022,OP018,Intermediária,Leve,Normal,179.194,354.549,5.847,5.869,28.603,2.259,53.57,91.518,92.235,38.087,30.409,49,1089.397,-0.82,4928,6.414,0,Boa
619,2026-01-26 18:00:00,Manhã,M1,Peça A,Linha 3,F05,P005,OP017,Intermediária,Moderado,Normal,183.466,362.239,5.291,5.263,34.839,2.803,62.818,102.326,103.199,43.555,22.025,35,1260.775,1.346,3362,4.987,0,Boa
620,2026-01-26 19:00:00,Manhã,M2,Peça A,Linha 1,F21,P015,OP024,Intermediária,Moderado,Atenção,180.232,356.417,6.352,6.35,29.372,5.653,39.768,95.276,96.746,39.883,25.746,62,1255.1,0.733,1542,11.427,1,Crítica
621,2026-01-26 20:00:00,Noite,M1,Peça A,Linha 2,F10,P010,OP008,Atrasada,Moderado,Normal,177.154,350.876,6.197,6.186,30.781,1.703,51.002,92.932,91.742,41.875,26.728,68,1069.172,-0.074,7421,6.534,0,Boa
622,2026-01-26 21:00:00,Tarde,M4,Peça A,Linha 2,F04,P004,OP021,Recente,Leve,Normal,180.696,357.253,6.555,6.579,32.243,3.527,55.235,96.507,98.009,44.262,23.372,21,1198.378,-0.468,8083,5.908,0,Boa
623,2026-01-26 22:00:00,Noite,M2,Peça A,Linha 1,F07,P019,OP009,Recente,Leve,Atenção,185.461,365.83,5.905,5.931,32.364,2.803,71.348,91.375,93.257,45.621,29.888,11,1195.543,0.364,3580,6.951,0,Boa
624,2026-01-26 23:00:00,Tarde,M3,Peça A,Linha 1,F16,P006,OP028,Intermediária,Moderado,Crítica,187.571,369.628,5.936,5.881,26.882,4.018,38.34,93.748,93.382,42.351,11.837,49,1119.067,0.66,4607,7.839,0,Atenção
625,2026-01-27 00:00:00,Noite,M4,Peça A,Linha 1,F11,P022,OP035,Recente,Leve,Normal,178.531,353.355,6.077,6.108,31.308,2.451,54.182,88.927,87.258,38.907,22.503,4,1289.758,-1.594,4623,5.844,0,Boa
626,2026-01-27 01:00:00,Tarde,M1,Peça A,Linha 1,F09,P006,OP021,Intermediária,Moderado,Normal,175.323,347.582,6.401,6.383,34.386,2.552,67.382,90.529,89.146,40.259,26.323,60,1359.287,0.376,1199,8.388,0,Atenção
627,2026-01-27 02:00:00,Noite,M3,Peça A,Linha 1,F17,P029,OP016,Intermediária,Leve,Normal,183.173,361.711,5.338,5.345,30.865,3.037,48.327,95.41,94.948,44.42,17.051,41,1130.618,0.653,5910,7.218,0,Boa
628,2026-01-27 03:00:00,Manhã,M4,Peça A,Linha 1,F11,P007,OP038,Recente,Moderado,Atenção,189.943,373.898,6.331,6.303,31.326,4.274,53.191,91.973,93.988,38.119,27.631,20,1237.42,-2.352,5125,10.002,1,Crítica
629,2026-01-27 04:00:00,Tarde,M3,Peça A,Linha 2,F11,P042,OP027,Intermediária,Moderado,Atenção,187.159,368.886,5.967,5.978,32.727,3.322,57.82,96.21,96.227,41.323,22.133,56,1204.881,0.196,9465,5.943,0,Boa
630,2026-01-27 05:00:00,Noite,M2,Peça A,Linha 1,F03,P001,OP018,Intermediária,Moderado,Atenção,173.79,344.823,5.524,5.6,31.622,4.167,56.568,92.8,92.183,40.534,22.658,35,1147.536,0.695,4345,7.732,0,Atenção
631,2026-01-27 06:00:00,Noite,M2,Peça A,Linha 1,F02,P019,OP002,Intermediária,Moderado,Normal,178.927,354.068,5.062,5.066,28.908,3.43,68.309,92.756,92.071,41.607,35.973,36,1145.35,0.581,8148,5.317,0,Boa
632,2026-01-27 07:00:00,Noite,M1,Peça C,Linha 1,F21,P011,OP001,Recente,Leve,Normal,173.961,345.13,5.939,5.925,31.891,2.695,58.812,89.982,88.659,38.975,29.66,20,1241.504,0.802,4515,7.53,0,Atenção
633,2026-01-27 08:00:00,Manhã,M2,Peça D,Linha 2,F10,P008,OP009,Intermediária,Moderado,Normal,178.909,354.036,6.627,6.621,35.222,3.408,66.286,97.753,98.628,36.223,30.567,64,1293.457,-0.328,2667,7.894,0,Atenção
634,2026-01-27 09:00:00,Manhã,M4,Peça D,Linha 1,F07,P017,OP010,Atrasada,Moderado,Crítica,190.343,374.617,6.754,6.71,28.846,3.672,51.94,94.631,94.539,45.239,31.085,85,1049.694,-1.04,4137,9.985,1,Crítica
635,2026-01-27 10:00:00,Manhã,M4,Peça B,Linha 2,F10,P037,OP029,Intermediária,Moderado,Atenção,174.602,346.284,6.136,6.179,31.117,4.281,48.706,94.905,97.005,46.024,25.652,58,1110.118,-1.8,8946,8.905,1,Crítica
636,2026-01-27 11:00:00,Manhã,M1,Peça B,Linha 1,F01,P043,OP021,Recente,Leve,Normal,170.382,338.687,6.883,6.892,27.855,2.006,53.081,84.512,85.141,35.55,35.756,22,1125.189,1.092,3306,7.894,0,Atenção
637,2026-01-27 12:00:00,Tarde,M3,Peça A,Linha 1,F15,P010,OP040,Atrasada,Moderado,Normal,176.892,350.405,5.981,5.949,34.824,2.815,45.148,95.184,96.014,43.402,33.133,79,1172.475,0.703,8602,5.292,0,Boa
638,2026-01-27 13:00:00,Tarde,M1,Peça C,Linha 3,F03,P005,OP022,Recente,Leve,Normal,180.294,356.529,6.373,6.342,32.283,3.258,59.11,99.274,99.032,46.926,18.383,11,1171.422,1.168,6988,5.236,0,Boa
639,2026-01-27 14:00:00,Noite,M4,Peça C,Linha 1,F15,P029,OP037,Recente,Moderado,Normal,185.228,365.41,5.797,5.797,29.449,4.609,51.72,97.612,96.521,45.074,15.759,27,1139.655,-0.725,7706,7.429,0,Atenção
640,2026-01-27 15:00:00,Noite,M1,Peça C,Linha 1,F09,P022,OP023,Recente,Leve,Normal,181.075,357.935,5.768,5.796,32.277,1.531,49.29,92.626,91.752,41.227,25.641,3,1251.167,0.804,7771,5.977,0,Boa
641,2026-01-27 16:00:00,Noite,M4,Peça C,Linha 1,F04,P007,OP015,Atrasada,Severo,Atenção,188.114,370.604,5.695,5.661,28.389,4.705,59.239,91.093,89.724,39.225,28.065,80,1084.975,-1.503,5651,10.083,1,Crítica
642,2026-01-27 17:00:00,Noite,M3,Peça B,Linha 3,F01,P031,OP029,Recente,Leve,Normal,172.032,341.658,5.017,5.05,29.46,3.331,45.278,88.172,89.082,42.668,13.746,4,1096.949,-0.869,6416,6.977,0,Boa
643,2026-01-27 18:00:00,Manhã,M1,Peça C,Linha 2,F15,P019,OP018,Intermediária,Leve,Normal,184.979,364.963,6.555,6.552,27.86,1.737,61.549,91.731,91.346,43.752,28.652,51,1188.486,0.126,1628,4.935,0,Boa
644,2026-01-27 19:00:00,Manhã,M1,Peça C,Linha 2,F03,P025,OP011,Recente,Leve,Normal,177.177,350.919,5.687,5.659,29.04,1.011,50.934,87.963,88.915,43.174,21.826,18,1110.626,0.663,7290,7.59,0,Atenção
645,2026-01-27 20:00:00,Tarde,M3,Peça A,Linha 3,F01,P013,OP019,Recente,Leve,Atenção,185.004,365.007,5.583,5.569,36.632,2.356,64.852,97.934,98.07,41.315,26.784,20,1271.976,1.679,7402,6.698,0,Boa
646,2026-01-27 21:00:00,Noite,M1,Peça D,Linha 1,F13,P016,OP027,Intermediária,Moderado,Atenção,171.918,341.453,5.469,5.521,29.801,3.039,51.662,92.546,92.253,39.146,29.21,57,1151.884,-0.24,1933,7.22,0,Boa
647,2026-01-27 22:00:00,Manhã,M2,Peça A,Linha 3,F05,P006,OP016,Atrasada,Moderado,Normal,180.326,356.586,5.852,5.81,33.959,2.957,60.371,94.241,93.071,43.606,24.43,76,1273.994,-0.866,5664,5.371,0,Boa
648,2026-01-27 23:00:00,Tarde,M4,Peça D,Linha 1,F06,P031,OP029,Recente,Moderado,Normal,183.229,361.811,6.794,6.772,29.491,4.314,56.526,94.323,94.624,45.049,25.877,1,1185.804,-0.917,5580,5.751,0,Boa
649,2026-01-28 00:00:00,Tarde,M2,Peça C,Linha 2,F04,P005,OP040,Recente,Leve,Normal,186.31,367.358,6.918,6.947,34.519,2.805,61.323,97.485,97.266,43.573,20.213,15,1283.115,-0.688,3787,5.743,0,Boa
650,2026-01-28 01:00:00,Manhã,M2,Peça A,Linha 1,F16,P033,OP017,Recente,Leve,Normal,172.057,341.702,5.253,5.259,28.922,2.28,55.935,94.113,95.015,42.422,21.563,27,1125.233,2.221,1595,6.689,0,Boa
651,2026-01-28 02:00:00,Tarde,M2,Peça B,Linha 1,F05,P034,OP012,Atrasada,Moderado,Atenção,180.46,356.828,5.84,5.817,32.118,2.803,40.861,94.077,93.362,48.741,25.926,89,1084.584,0.757,1089,6.071,0,Boa
652,2026-01-28 03:00:00,Noite,M1,Peça A,Linha 3,F03,P031,OP017,Recente,Leve,Normal,173.157,343.682,5.479,5.507,32.719,2.822,63.575,91.959,92.575,39.627,29.186,5,1327.055,1.113,2876,7.465,0,Atenção
653,2026-01-28 04:00:00,Tarde,M4,Peça C,Linha 1,F05,P001,OP034,Recente,Leve,Normal,184.629,364.331,6.445,6.475,38.983,3.962,54.255,99.095,100.736,47.679,21.597,16,1319.324,-0.239,3079,7.351,0,Boa
654,2026-01-28 05:00:00,Manhã,M1,Peça C,Linha 3,F03,P009,OP008,Intermediária,Leve,Normal,182.842,361.115,6.073,6.083,34.451,2.449,61.711,92.585,92.858,40.021,33.275,38,1212.578,-0.002,2907,9.529,1,Crítica
655,2026-01-28 06:00:00,Noite,M1,Peça B,Linha 1,F05,P017,OP039,Recente,Leve,Normal,185.493,365.888,5.714,5.695,30.221,3.458,60.867,97.569,98.354,46.574,35.101,30,1203.394,0.699,6450,6.584,0,Boa
656,2026-01-28 07:00:00,Manhã,M1,Peça C,Linha 2,F02,P023,OP017,Recente,Leve,Normal,176.018,348.832,6.009,5.995,34.295,2.558,48.427,95.876,96.448,47.497,17.888,4,1152.699,-0.506,4789,5.217,0,Boa
657,2026-01-28 08:00:00,Noite,M4,Peça A,Linha 3,F03,P044,OP034,Intermediária,Moderado,Atenção,186.822,368.279,5.729,5.738,38.975,3.085,47.224,100.813,102.711,40.886,8.554,51,1399.979,-0.291,2010,8.535,0,Atenção
658,2026-01-28 09:00:00,Manhã,M1,Peça A,Linha 1,F07,P013,OP032,Intermediária,Moderado,Atenção,185.877,366.578,6.726,6.687,27.111,2.447,60.571,98.269,98.64,48.312,32.827,57,1138.515,-0.675,1755,6.496,0,Boa
659,2026-01-28 10:00:00,Tarde,M4,Peça A,Linha 3,F17,P040,OP032,Recente,Moderado,Normal,173.455,344.219,6.19,6.23,30.033,4.349,52.422,95.937,96.637,43.782,21.228,16,1078.821,-0.447,6898,7.351,0,Boa
660,2026-01-28 11:00:00,Tarde,M3,Peça A,Linha 2,F01,P006,OP037,Intermediária,Moderado,Crítica,184.384,363.892,6.277,6.328,31.529,3.264,62.96,89.496,89.46,38.666,22.003,65,1231.768,0.049,9409,9.295,1,Crítica
661,2026-01-28 12:00:00,Manhã,M3,Peça B,Linha 2,F03,P013,OP008,Recente,Leve,Normal,186.184,367.132,4.776,4.769,30.989,2.971,53.485,96.996,96.221,40.938,18.868,5,1218.161,-0.822,8376,7.919,0,Atenção
662,2026-01-28 13:00:00,Noite,M4,Peça A,Linha 1,F18,P002,OP024,Atrasada,Severo,Normal,180.655,357.178,5.97,5.981,31.002,4.252,63.699,96.569,95.361,46.304,25.031,69,1290.794,0.286,7818,8.694,1,Atenção
663,2026-01-28 14:00:00,Manhã,M3,Peça A,Linha 2,F18,P030,OP004,Recente,Moderado,Atenção,174.904,346.827,6.913,6.949,28.327,4.743,58.598,90.199,91.466,45.508,31.703,24,1046.8,0.285,3863,6.085,0,Boa
664,2026-01-28 15:00:00,Manhã,M4,Peça B,Linha 2,F12,P005,OP012,Recente,Moderado,Normal,186.903,368.426,6.573,6.631,36.452,3.858,57.448,99.39,98.381,38.339,24.639,21,1373.71,-0.179,7335,7.542,0,Atenção
665,2026-01-28 16:00:00,Manhã,M1,Peça C,Linha 2,F04,P009,OP002,Recente,Leve,Atenção,172.563,342.613,5.145,5.192,27.972,3.764,51.821,85.208,85.954,42.281,31.142,18,1108.574,-0.827,1737,9.506,1,Crítica
666,2026-01-28 17:00:00,Tarde,M3,Peça A,Linha 1,F07,P032,OP028,Atrasada,Severo,Normal,180.273,356.491,5.859,5.807,31.399,4.023,56.976,98.236,98.652,42.773,31.525,82,1091.293,0.105,2542,8.469,0,Atenção
667,2026-01-28 18:00:00,Noite,M2,Peça C,Linha 1,F03,P020,OP025,Intermediária,Moderado,Normal,180.091,356.164,5.459,5.45,35.137,2.768,65.139,97.77,98.688,40.881,23.905,47,1239.108,-0.505,2257,7.697,0,Atenção
668,2026-01-28 19:00:00,Noite,M2,Peça B,Linha 3,F02,P001,OP030,Intermediária,Moderado,Atenção,184.021,363.237,6.714,6.729,32.469,3.089,54.539,95.188,94.674,51.32,24.858,65,1125.36,0.047,2653,8.004,0,Atenção
669,2026-01-28 20:00:00,Manhã,M4,Peça A,Linha 1,F06,P001,OP008,Recente,Leve,Normal,178.742,353.735,6.11,6.095,29.062,2.816,59.515,90.341,89.55,42.888,26.89,19,1059.364,1.098,4220,4.563,0,Boa
670,2026-01-28 21:00:00,Tarde,M4,Peça B,Linha 2,F09,P019,OP014,Recente,Leve,Normal,178.44,353.192,5.63,5.684,28.194,3.589,55.394,86.668,87.047,42.125,27.323,5,1131.346,-1.253,1392,8.157,0,Atenção
671,2026-01-28 22:00:00,Manhã,M3,Peça A,Linha 3,F06,P011,OP028,Recente,Leve,Normal,181.714,359.086,5.959,6.008,31.87,2.943,56.059,95.189,94.897,46.525,28.221,3,1205.452,2.173,8320,7.106,0,Boa
672,2026-01-28 23:00:00,Tarde,M2,Peça A,Linha 1,F10,P006,OP034,Intermediária,Leve,Normal,185.533,365.96,4.827,4.802,29.729,2.738,69.649,92.372,91.14,40.612,23.711,41,1165.127,-0.073,7434,7.821,0,Atenção
673,2026-01-29 00:00:00,Noite,M2,Peça B,Linha 1,F05,P023,OP036,Intermediária,Moderado,Atenção,192.195,377.951,5.512,5.507,32.616,2.585,65.215,94.122,96.061,46.188,25.531,31,1131.254,0.412,6707,11.237,1,Crítica
674,2026-01-29 01:00:00,Tarde,M2,Peça A,Linha 2,F05,P008,OP003,Atrasada,Moderado,Atenção,172.461,342.43,5.992,5.97,28.036,2.813,55.675,91.104,90.313,35.663,31.264,72,1146.095,-0.753,2579,8.664,1,Atenção
675,2026-01-29 02:00:00,Tarde,M2,Peça A,Linha 1,F14,P022,OP017,Atrasada,Moderado,Crítica,181.94,359.492,6.381,6.375,34.439,3.346,56.823,99.863,98.87,40.276,25.616,74,1237.699,1.142,8810,4.837,0,Boa
676,2026-01-29 03:00:00,Tarde,M2,Peça B,Linha 2,F17,P013,OP001,Recente,Leve,Atenção,174.65,346.37,5.102,5.096,32.587,2.994,49.034,94.799,94.556,46.346,17.51,29,1175.174,-0.126,1057,6.575,0,Boa
677,2026-01-29 04:00:00,Noite,M1,Peça A,Linha 2,F05,P006,OP033,Intermediária,Leve,Normal,184.098,363.376,5.804,5.833,32.81,1.588,53.53,96.707,97.96,47.967,20.442,41,1221.394,-0.394,9948,5.289,0,Boa
678,2026-01-29 05:00:00,Tarde,M1,Peça C,Linha 2,F09,P005,OP005,Intermediária,Leve,Normal,173.92,345.055,6.43,6.404,36.563,2.477,57.63,97.135,94.968,39.871,23.434,36,1295.354,-0.576,7540,8.109,0,Atenção
679,2026-01-29 06:00:00,Manhã,M3,Peça A,Linha 1,F04,P008,OP033,Intermediária,Moderado,Normal,177.692,351.845,5.347,5.268,30.687,2.362,62.23,91.758,92.927,38.619,31.093,64,1097.867,-0.268,2822,7.616,0,Atenção
680,2026-01-29 07:00:00,Manhã,M2,Peça D,Linha 2,F01,P001,OP007,Intermediária,Moderado,Normal,177.236,351.024,6.079,6.031,30.063,3.411,61.368,89.988,89.077,45.416,34.274,59,1089.473,0.418,2770,7.966,0,Atenção
681,2026-01-29 08:00:00,Manhã,M4,Peça C,Linha 2,F13,P011,OP001,Intermediária,Moderado,Atenção,181.604,358.887,6.006,5.975,30.597,4.139,45.571,91.58,91.845,40.442,18.744,61,1177.605,0.173,7252,8.822,1,Atenção
682,2026-01-29 09:00:00,Manhã,M3,Peça D,Linha 1,F03,P042,OP036,Recente,Moderado,Normal,182.881,361.185,6.771,6.752,31.422,3.769,63.304,94.22,93.544,42.239,18.816,5,1237.375,-0.04,8272,9.002,1,Crítica
683,2026-01-29 10:00:00,Manhã,M1,Peça C,Linha 2,F07,P036,OP018,Intermediária,Leve,Normal,181.315,358.367,5.872,5.878,31.967,2.45,54.245,96.891,98.883,46.14,22.413,32,1230.296,-0.711,5198,5.648,0,Boa
684,2026-01-29 11:00:00,Tarde,M1,Peça A,Linha 3,F08,P013,OP017,Atrasada,Severo,Atenção,178.77,353.786,5.867,5.834,30.068,2.96,46.611,93.109,93.234,39.932,34.048,91,1268.177,-0.769,1540,6.479,0,Boa
685,2026-01-29 12:00:00,Tarde,M1,Peça B,Linha 2,F03,P022,OP026,Intermediária,Leve,Atenção,171.885,341.392,6.361,6.324,26.171,2.566,66.359,87.98,87.271,34.891,21.391,32,1134.671,-0.461,5440,8.819,1,Atenção
686,2026-01-29 13:00:00,Manhã,M4,Peça A,Linha 2,F02,P021,OP011,Recente,Leve,Normal,185.784,366.412,5.379,5.351,30.557,2.91,67.438,89.183,88.882,37.056,20.702,16,1236.437,0.46,5314,5.732,0,Boa
687,2026-01-29 14:00:00,Tarde,M1,Peça C,Linha 1,F05,P036,OP028,Recente,Leve,Normal,178.525,353.344,5.901,5.867,33.079,3.444,57.242,96.541,96.631,42.848,14.968,18,1108.228,0.662,3929,6.501,0,Boa
688,2026-01-29 15:00:00,Noite,M2,Peça B,Linha 1,F20,P008,OP018,Recente,Leve,Normal,186.341,367.414,5.795,5.778,32.409,3.604,61.025,94.555,94.732,35.279,25.06,2,1262.198,0.797,9125,6.988,0,Boa
689,2026-01-29 16:00:00,Noite,M4,Peça A,Linha 1,F10,P010,OP011,Atrasada,Severo,Atenção,178.32,352.976,5.937,5.92,35.599,4.267,61.523,103.486,103.925,40.871,26.952,74,1190.165,-0.001,4082,8.004,0,Atenção
690,2026-01-29 17:00:00,Tarde,M4,Peça D,Linha 1,F06,P010,OP016,Recente,Leve,Normal,173.668,344.603,6.382,6.402,37.866,3.507,66.864,94.901,94.9,37.97,18.076,0,1312.054,0.384,3191,6.077,0,Boa
691,2026-01-29 18:00:00,Manhã,M1,Peça A,Linha 3,F01,P002,OP001,Intermediária,Moderado,Normal,178.623,353.522,6.193,6.164,34.838,3.567,61.189,99.588,98.211,48.232,24.923,56,1371.252,-0.168,7085,8.097,0,Atenção
692,2026-01-29 19:00:00,Noite,M1,Peça B,Linha 1,F10,P011,OP013,Intermediária,Leve,Normal,185.539,365.97,5.663,5.652,36.148,2.551,43.715,108.93,108.589,50.588,31.722,37,1214.757,-1.742,6563,5.103,0,Boa
693,2026-01-29 20:00:00,Manhã,M1,Peça C,Linha 3,F02,P040,OP024,Recente,Leve,Normal,179.637,355.346,6.006,5.989,34.86,3.387,72.083,95.769,96.375,38.789,16.611,8,1204.135,-0.216,6586,4.999,0,Boa
694,2026-01-29 21:00:00,Manhã,M1,Peça A,Linha 1,F09,P043,OP006,Atrasada,Moderado,Normal,177.762,351.971,6.671,6.695,37.13,2.468,64.058,97.556,96.886,42.976,23.67,84,1291.972,-0.375,5535,5.3,0,Boa
695,2026-01-29 22:00:00,Noite,M1,Peça B,Linha 1,F13,P004,OP005,Atrasada,Moderado,Atenção,174.274,345.694,5.626,5.621,37.553,2.726,50.669,93.031,93.703,38.71,35.114,70,1273.948,-1.039,3866,6.046,0,Boa
696,2026-01-29 23:00:00,Tarde,M2,Peça C,Linha 1,F07,P016,OP027,Atrasada,Moderado,Crítica,189.44,372.993,6.065,6.097,34.853,3.703,46.248,102.37,102.401,41.635,28.615,77,1178.276,-0.567,3318,11.667,1,Crítica
697,2026-01-30 00:00:00,Noite,M4,Peça A,Linha 1,F05,P013,OP018,Atrasada,Severo,Normal,176.646,349.963,5.913,5.879,34.119,3.454,59.291,94.086,93.869,48.853,33.059,88,1298.361,0.135,2067,7.893,0,Atenção
698,2026-01-30 01:00:00,Tarde,M2,Peça B,Linha 2,F01,P018,OP006,Atrasada,Moderado,Atenção,176.528,349.75,5.948,5.946,31.624,3.131,52.635,94.839,96.034,40.587,31.291,86,1249.14,-1.133,2670,8.193,0,Atenção
699,2026-01-30 02:00:00,Tarde,M3,Peça A,Linha 3,F01,P021,OP030,Atrasada,Moderado,Atenção,184.164,363.496,5.21,5.193,32.436,3.083,57.805,94.017,92.279,40.913,27.068,66,1218.189,-0.711,6203,7.013,0,Boa
700,2026-01-30 03:00:00,Manhã,M1,Peça B,Linha 3,F07,P001,OP032,Intermediária,Moderado,Crítica,169.149,336.468,6.579,6.542,31.546,4.014,61.319,90.508,89.832,38.778,23.91,50,1172.879,1.548,4654,9.174,1,Crítica
701,2026-01-30 04:00:00,Manhã,M3,Peça A,Linha 1,F17,P037,OP002,Atrasada,Moderado,Atenção,187.828,370.09,5.652,5.65,33.864,2.594,50.185,93.897,95.129,46.356,32.269,66,1166.412,-1.603,7653,7.197,0,Boa
702,2026-01-30 05:00:00,Manhã,M3,Peça D,Linha 2,F04,P051,OP009,Intermediária,Leve,Normal,184.446,364.002,6.438,6.49,30.079,3.236,45.513,96.01,97.84,30.86,32.334,42,1317.953,-0.183,8237,7.055,0,Boa
703,2026-01-30 06:00:00,Manhã,M4,Peça C,Linha 1,F09,P025,OP015,Recente,Leve,Normal,186.676,368.017,5.72,5.695,31.427,3.224,58.279,94.479,96.765,41.127,29.865,17,1196.183,-1.166,6027,9.374,1,Crítica
704,2026-01-30 07:00:00,Noite,M4,Peça A,Linha 3,F12,P026,OP030,Intermediária,Moderado,Normal,184.902,364.824,5.663,5.659,25.494,3.284,50.466,86.355,86.406,41.826,17.767,36,881.153,-0.752,1941,9.206,1,Crítica
705,2026-01-30 08:00:00,Manhã,M2,Peça A,Linha 2,F01,P019,OP003,Intermediária,Moderado,Normal,179.462,355.032,6.522,6.483,37.409,3.67,56.242,101.935,102.393,39.488,33.349,44,1442.208,-0.198,1032,8.126,0,Atenção
706,2026-01-30 09:00:00,Tarde,M1,Peça B,Linha 1,F03,P012,OP033,Recente,Leve,Normal,173.272,343.889,6.447,6.403,31.339,3.833,43.582,92.091,92.909,45.641,20.172,4,1155.588,-0.988,3055,5.658,0,Boa
707,2026-01-30 10:00:00,Noite,M1,Peça B,Linha 1,F05,P005,OP013,Atrasada,Moderado,Normal,178.072,352.529,6.094,6.07,33.367,2.416,52.856,97.266,98.541,46.928,23.87,80,1192.71,0.574,3540,5.812,0,Boa
708,2026-01-30 11:00:00,Noite,M2,Peça B,Linha 1,F11,P022,OP006,Atrasada,Moderado,Atenção,175.229,347.412,6.343,6.329,36.373,2.602,61.077,98.1,98.413,36.994,27.864,86,1360.962,1.351,1662,7.175,0,Boa
709,2026-01-30 12:00:00,Tarde,M4,Peça A,Linha 1,F07,P002,OP035,Intermediária,Leve,Atenção,184.528,364.15,5.87,5.858,32.901,2.898,60.15,99.433,100.36,49.955,30.107,39,1170.453,0.842,8006,6.304,0,Boa
710,2026-01-30 13:00:00,Tarde,M2,Peça A,Linha 3,F13,P036,OP004,Intermediária,Moderado,Normal,184.495,364.091,5.94,5.933,36.893,3.849,48.299,90.962,91.422,36.592,29.003,47,1352.748,1.025,4303,6.837,0,Boa
711,2026-01-30 14:00:00,Noite,M3,Peça D,Linha 2,F17,P015,OP006,Atrasada,Severo,Crítica,188.879,371.983,5.678,5.629,28.515,4.331,45.07,97.333,97.856,48.157,26.788,79,1050.745,-1.38,7682,8.792,1,Atenção
712,2026-01-30 15:00:00,Tarde,M2,Peça B,Linha 3,F13,P015,OP038,Intermediária,Moderado,Normal,182.233,360.02,6.351,6.332,39.752,3.003,55.134,99.476,98.558,42.929,30.466,43,1241.245,-0.243,2879,9.368,1,Crítica
713,2026-01-30 16:00:00,Noite,M1,Peça C,Linha 1,F24,P011,OP021,Intermediária,Moderado,Atenção,183.608,362.494,5.688,5.703,35.261,2.055,59.769,96.171,95.841,40.896,28.039,65,1265.246,0.467,1093,5.877,0,Boa
714,2026-01-30 17:00:00,Noite,M2,Peça B,Linha 2,F13,P050,OP019,Intermediária,Moderado,Normal,178.755,353.759,6.644,6.604,32.868,2.223,58.444,94.677,94.155,40.804,22.402,48,1291.883,0.871,2232,5.97,0,Boa
715,2026-01-30 18:00:00,Noite,M3,Peça D,Linha 1,F16,P006,OP028,Recente,Leve,Atenção,178.713,353.683,5.858,5.847,36.275,3.713,50.647,92.214,91.025,43.133,19.752,25,1212.158,1.753,5232,5.139,0,Boa
716,2026-01-30 19:00:00,Manhã,M3,Peça A,Linha 2,F16,P005,OP026,Atrasada,Severo,Atenção,183.663,362.594,5.985,5.994,28.734,3.707,57.532,93.539,91.887,42.792,30.461,75,1073.988,1.069,5316,8.714,1,Atenção
717,2026-01-30 20:00:00,Tarde,M2,Peça A,Linha 1,F13,P006,OP025,Recente,Leve,Normal,178.29,352.923,6.341,6.318,31.134,1.657,67.77,89.055,88.631,38.503,22.945,18,1264.152,0.896,4935,6.267,0,Boa
718,2026-01-30 21:00:00,Manhã,M1,Peça D,Linha 1,F15,P026,OP001,Recente,Leve,Normal,180.2,356.36,6.011,6.021,36.333,2.843,56.744,96.409,96.145,42.371,15.427,21,1229.958,2.634,9634,6.422,0,Boa
719,2026-01-30 22:00:00,Tarde,M3,Peça D,Linha 2,F19,P056,OP023,Intermediária,Severo,Atenção,175.682,348.227,5.842,5.796,26.639,4.654,41.118,89.985,90.09,40.331,32.283,65,1072.545,0.096,6869,9.664,1,Crítica
720,2026-01-30 23:00:00,Noite,M1,Peça A,Linha 1,F08,P008,OP012,Atrasada,Moderado,Atenção,174.216,345.588,5.986,6.013,33.681,2.659,56.727,96.39,96.946,37.383,24.478,67,1222.196,-0.289,7586,6.887,0,Boa
721,2026-01-31 00:00:00,Tarde,M4,Peça A,Linha 2,F11,P042,OP033,Atrasada,Severo,Crítica,185.304,365.547,6.378,6.389,33.837,4.618,72.374,93.5,93.688,38.894,38.753,90,1232.899,0.177,2124,9.199,1,Crítica
722,2026-01-31 01:00:00,Tarde,M1,Peça B,Linha 2,F08,P010,OP021,Atrasada,Moderado,Atenção,183.411,362.139,5.678,5.679,38.148,3.294,44.057,102.013,101.756,37.99,18.942,67,1226.309,-0.915,5189,8.903,1,Crítica
723,2026-01-31 02:00:00,Manhã,M1,Peça A,Linha 1,F16,P025,OP005,Recente,Leve,Normal,173.675,344.614,5.943,5.977,27.251,2.095,55.253,92.329,91.413,40.403,21.076,2,1075.336,0.068,6592,7.392,0,Boa
724,2026-01-31 03:00:00,Noite,M2,Peça A,Linha 3,F07,P002,OP036,Atrasada,Moderado,Normal,183.787,362.817,5.949,5.939,37.389,2.81,53.076,97.941,98.818,43.643,24.2,80,1281.318,-1.727,6262,5.339,0,Boa
725,2026-01-31 04:00:00,Manhã,M2,Peça C,Linha 2,F15,P018,OP012,Intermediária,Moderado,Normal,177.53,351.554,6.365,6.347,30.562,3.078,55.815,90.068,89.966,43.269,19.267,39,1160.622,-0.53,9521,6.733,0,Boa
726,2026-01-31 05:00:00,Manhã,M2,Peça A,Linha 3,F15,P025,OP011,Recente,Leve,Normal,180.386,356.694,5.899,5.94,31.219,2.381,56.651,91.886,91.452,49.503,19.079,0,1184.904,-0.115,5280,5.013,0,Boa
727,2026-01-31 06:00:00,Manhã,M2,Peça B,Linha 2,F21,P020,OP038,Intermediária,Moderado,Atenção,187.668,369.803,6.79,6.845,28.574,2.442,64.69,93.295,93.109,33.96,37.023,55,1286.973,0.95,4345,8.84,1,Atenção
728,2026-01-31 07:00:00,Manhã,M4,Peça A,Linha 2,F04,P008,OP032,Recente,Moderado,Atenção,186.199,367.158,5.906,5.885,28.976,4.629,55.721,92.459,91.727,43.783,24.14,16,1205.841,1.111,9498,8.664,1,Atenção
729,2026-01-31 08:00:00,Tarde,M2,Peça A,Linha 2,F12,P036,OP035,Intermediária,Moderado,Normal,184.439,363.989,5.869,5.866,33.451,2.365,65.857,100.227,99.697,42.024,20.37,39,1262.819,-0.964,4035,6.104,0,Boa
730,2026-01-31 09:00:00,Tarde,M2,Peça B,Linha 3,F13,P051,OP027,Intermediária,Moderado,Atenção,190.226,374.406,5.867,5.898,29.223,3.773,54.0,93.401,92.839,45.46,14.548,44,1098.873,2.076,6131,9.161,1,Crítica
731,2026-01-31 10:00:00,Manhã,M2,Peça A,Linha 2,F20,P017,OP037,Recente,Leve,Normal,176.64,349.952,5.384,5.381,34.461,2.716,52.024,93.121,92.834,44.723,12.232,7,1169.853,0.148,1254,6.309,0,Boa
732,2026-01-31 11:00:00,Manhã,M1,Peça B,Linha 1,F18,P024,OP005,Atrasada,Moderado,Atenção,173.673,344.612,5.533,5.551,30.011,2.855,49.312,92.522,93.178,41.733,25.181,80,1149.141,0.24,2489,7.831,0,Atenção
733,2026-01-31 12:00:00,Manhã,M2,Peça A,Linha 1,F09,P033,OP024,Intermediária,Moderado,Normal,176.545,349.781,5.761,5.785,28.361,3.365,39.555,89.675,90.082,42.656,22.038,48,1147.038,-1.618,1516,7.476,0,Atenção
734,2026-01-31 13:00:00,Tarde,M1,Peça D,Linha 2,F09,P008,OP012,Atrasada,Moderado,Atenção,177.477,351.458,6.487,6.47,30.657,2.663,57.344,93.012,94.559,40.433,27.936,91,1218.107,-0.62,4760,9.541,1,Crítica
735,2026-01-31 14:00:00,Manhã,M3,Peça C,Linha 1,F03,P039,OP016,Intermediária,Moderado,Crítica,168.956,336.121,5.985,5.998,33.01,3.881,72.459,96.838,98.05,45.142,11.887,44,1215.573,1.05,9383,10.14,1,Crítica
736,2026-01-31 15:00:00,Tarde,M1,Peça C,Linha 1,F22,P010,OP010,Intermediária,Leve,Normal,177.721,351.898,5.782,5.782,31.168,1.632,58.895,92.25,94.207,35.67,25.93,56,1204.06,0.17,1641,6.228,0,Boa
737,2026-01-31 16:00:00,Manhã,M4,Peça A,Linha 1,F04,P032,OP009,Atrasada,Moderado,Atenção,179.168,354.503,6.552,6.515,32.103,3.936,60.837,95.702,96.261,44.952,34.326,77,1210.395,0.108,9778,8.417,0,Atenção
738,2026-01-31 17:00:00,Manhã,M2,Peça A,Linha 2,F13,P004,OP018,Recente,Leve,Normal,184.376,363.876,6.674,6.644,34.329,1.395,51.489,97.908,98.451,41.912,33.337,20,1300.184,0.227,8819,7.752,0,Atenção
739,2026-01-31 18:00:00,Tarde,M4,Peça A,Linha 1,F14,P010,OP037,Atrasada,Severo,Normal,183.833,362.899,6.565,6.545,35.247,3.503,52.923,92.152,91.665,40.149,17.513,86,1306.216,-1.443,1050,8.846,1,Atenção
740,2026-01-31 19:00:00,Tarde,M2,Peça B,Linha 2,F07,P020,OP026,Recente,Leve,Atenção,177.176,350.917,5.592,5.62,31.31,3.627,63.369,94.472,95.298,41.476,18.552,17,1171.319,-0.097,1138,7.435,0,Atenção
741,2026-01-31 20:00:00,Manhã,M1,Peça A,Linha 2,F03,P019,OP014,Atrasada,Moderado,Crítica,181.868,359.362,5.753,5.782,29.107,3.204,72.074,92.958,92.302,41.395,24.395,94,1084.136,1.408,9105,9.972,1,Crítica
742,2026-01-31 21:00:00,Manhã,M3,Peça A,Linha 3,F03,P038,OP018,Intermediária,Moderado,Normal,184.961,364.93,6.76,6.783,32.788,2.506,67.648,99.506,98.036,46.93,27.674,60,1110.227,1.087,6266,8.925,1,Crítica
743,2026-01-31 22:00:00,Noite,M3,Peça A,Linha 1,F16,P057,OP022,Intermediária,Moderado,Normal,177.204,350.966,6.109,6.122,33.412,2.59,61.845,99.318,100.845,54.287,18.601,49,1080.531,-0.125,2565,6.604,0,Boa
744,2026-01-31 23:00:00,Manhã,M3,Peça A,Linha 2,F08,P004,OP010,Recente,Leve,Normal,178.636,353.545,5.856,5.868,27.858,2.902,55.299,92.044,90.794,46.636,33.614,19,1090.417,1.564,9583,7.702,0,Atenção
745,2026-02-01 00:00:00,Tarde,M2,Peça A,Linha 2,F02,P009,OP021,Intermediária,Moderado,Atenção,168.728,335.711,6.299,6.308,29.568,3.121,56.783,93.371,93.809,39.852,26.581,54,1184.453,-1.259,6051,7.094,0,Boa
746,2026-02-01 01:00:00,Tarde,M3,Peça A,Linha 2,F12,P013,OP028,Intermediária,Leve,Atenção,175.529,347.951,6.429,6.442,30.082,2.029,48.595,91.478,90.598,44.393,25.421,52,1045.86,-0.972,6716,8.34,0,Atenção
747,2026-02-01 02:00:00,Manhã,M4,Peça A,Linha 2,F04,P017,OP010,Atrasada,Severo,Atenção,178.139,352.65,5.719,5.733,31.617,3.641,42.691,94.997,96.123,44.559,38.996,93,1126.947,1.864,7102,8.008,0,Atenção
748,2026-02-01 03:00:00,Tarde,M3,Peça B,Linha 1,F17,P018,OP024,Atrasada,Moderado,Crítica,181.586,358.854,6.099,6.057,29.717,3.624,45.422,91.67,92.933,38.844,28.224,79,1177.591,0.578,2814,4.831,0,Boa
749,2026-02-01 04:00:00,Noite,M2,Peça A,Linha 3,F05,P038,OP029,Intermediária,Moderado,Normal,175.384,347.691,6.361,6.337,34.681,2.816,55.423,95.214,95.743,37.209,28.002,45,1209.817,-0.289,4231,7.53,0,Atenção
750,2026-02-01 05:00:00,Noite,M3,Peça A,Linha 1,F03,P032,OP021,Intermediária,Moderado,Normal,178.53,353.354,5.478,5.447,27.185,3.691,52.518,89.959,91.205,41.76,20.455,37,1123.04,-0.055,2157,6.627,0,Boa
